LAD22CD,LAD22NM,BNG_E,BNG_N,LONG,LAT,OBJECTID,Shape__Area,Shape__Length,GlobalID
E06000001,Hartlepool,447160,531474,-1.27018,54.67614,1,93717028.4689178,70995.1737762769,2576ba95-3898-4244-ac70-3c4808642baf
E06000002,Middlesbrough,451141,516887,-1.21099,54.54467,2,53881558.2759247,44479.6463704945,b03a3267-2336-4536-90d3-05f179f0777d
E06000003,Redcar and Cleveland,464361,519597,-1.00608,54.56752,3,245069510.006897,96703.5106544218,708a11df-cbc7-4bc4-976b-5509edf2c4fb
E06000004,Stockton-on-Tees,444940,518183,-1.30664,54.55691,4,204932934.937302,123404.959102325,3a4efc85-966a-4ba4-afa4-8ddf4c962afd
E06000005,Darlington,428029,515648,-1.56835,54.53534,5,197477753.555023,107202.299425244,02be29d6-fec1-49df-b81a-df81e66d0678
E06000006,Halton,354246,382146,-2.68853,53.33424,6,79084021.970459,77769.8366156168,28233048-0e71-41b7-a10f-00915be3e43e
E06000007,Warrington,362744,388456,-2.56167,53.39163,7,180627983.012016,114688.093563908,c6cba057-b55e-4f9c-a876-17be9b07c9c8
E06000008,Blackburn with Darwen,369490,422806,-2.4636,53.7008,8,137022093.525848,65284.3735150369,f991dcbc-5952-444d-a323-634319147112
E06000009,Blackpool,332819,436635,-3.02199,53.82164,9,34870852.2283325,34480.7839275111,a380776f-0e0b-4e08-b8f9-363ca8ac35b4
E06000010,"Kingston upon Hull, City of",511894,431650,-0.30382,53.7692,10,71583595.6552734,64680.530906749,dd25f1e2-7835-40da-825e-718687b8a91c
E06000011,East Riding of Yorkshire,488056,443597,-0.66195,53.88112,11,2404768954.86182,504120.094305933,6595fc80-18ed-474e-ae02-4737f6c15eff
E06000012,North East Lincolnshire,523465,404564,-0.13911,53.52327,12,192622985.584915,93246.2876540841,df13c458-e280-480d-a0c3-756df76390dd
E06000013,North Lincolnshire,497800,410993,-0.52407,53.58643,13,846540125.376923,244546.761114545,c7e2eec7-6a71-4062-b14b-bb051f368465
E06000014,York,460864,452589,-1.07375,53.96582,14,271931454.715424,102020.797435209,2186601e-ff06-450a-ab54-8e2b8b79b469
E06000015,Derby,435609,335375,-1.47189,52.91464,15,78031107.3557892,50036.3185804889,d29dab20-d1b5-4772-8a07-f266ae944fb0
E06000016,Leicester,458946,304594,-1.1304,52.63592,16,73342034.1657257,51929.4942082033,91a7f7b7-f3e2-446c-846f-e321f170ce14
E06000017,Rutland,492992,308655,-0.6263,52.66765,17,393748938.333481,125879.320087916,9d9f1d15-11d8-4a84-a410-f00cc48b8437
E06000018,Nottingham,456082,339969,-1.16667,52.95419,18,74613549.3099365,58723.7427401093,3b442135-a931-4256-b4b2-1975ac29314a
E06000019,"Herefordshire, County of",349434,242834,-2.73931,52.08154,19,2179708317.85796,349869.988254535,6c60f4d7-c779-4f14-9282-a8f7d468d388
E06000020,Telford and Wrekin,367035,313057,-2.48941,52.71417,20,290313536.554543,118775.749483715,d9f705ed-bc4c-4faa-ac1a-9a7f41e417a8
E06000021,Stoke-on-Trent,389438,346652,-2.15888,53.01707,21,93448551.6496658,63971.3417170554,5bfccccb-c695-4458-8e9a-65f76ffb9371
E06000022,Bath and North East Somerset,366217,161999,-2.48654,51.35604,22,351123167.510914,141674.070852301,266110cd-d5e7-4f2b-ab9e-5883ac02e222
E06000023,"Bristol, City of",359990,174846,-2.57742,51.47115,23,109666892.551918,109531.617064517,981df48e-d5ba-4af0-acb7-2a98dd298e65
E06000024,North Somerset,347614,166718,-2.75438,51.39706,24,374637219.77409,154748.225043695,21aacee7-c2ba-4c73-8a4f-62d6c40922d4
E06000025,South Gloucestershire,367559,183198,-2.46922,51.54673,25,497050998.431568,143098.847233425,c7606a8d-def3-478a-83db-4467bf0e8585
E06000026,Plymouth,249945,58255,-4.11297,50.40494,26,79849695.3191061,92644.2442555715,c92f235d-b674-42ff-a645-0cc326d00518
E06000027,Torbay,289730,64613,-3.55523,50.47092,27,62886738.7989531,77909.5315513595,8922158f-ad62-4f94-9dd9-73e00297cd43
E06000030,Swindon,418551,186564,-1.73367,51.57763,28,230093343.90052,103011.758683882,e9e850b7-2f56-4a1e-bfb1-ff44f786e770
E06000031,Peterborough,517372,300777,-0.26874,52.59214,29,343378153.586609,112674.360200151,9f6a143b-c5aa-490e-993b-58a294442159
E06000032,Luton,508606,222559,-0.42319,51.89102,30,43352485.6740799,34569.1847138739,e706df2e-426d-4917-9562-dc2a78550cde
E06000033,Southend-on-Sea,587777,186837,0.706923,51.54917,31,41673985.9965286,57782.8327652349,036bc680-4e58-493e-bf43-12b76109536d
E06000034,Thurrock,562123,181590,0.334861,51.50998,32,163837060.033562,115990.648083053,230bb242-c209-4ab2-9e65-643e04a0048c
E06000035,Medway,578207,175198,0.563174,51.44772,33,193714244.411789,249506.805435844,eb2075a5-64e0-4ea9-adeb-dde797492da5
E06000036,Bracknell Forest,488169,168792,-0.73363,51.4113,34,109384217.921951,62507.6688894678,187363be-65a5-4d2c-8aad-58f939af8a40
E06000037,West Berkshire,450575,172095,-1.27364,51.44559,35,704182731.436508,166818.256909513,d6f3e0ee-103f-4841-8710-a27a3a61421d
E06000038,Reading,470226,173154,-0.99071,51.45302,36,40397937.1150055,39327.6361285706,e695b770-898c-4d44-bf10-356a33275e23
E06000039,Slough,498920,179246,-0.57617,51.5035,37,32542015.6781998,44179.9803340002,d5683372-92bb-41b3-b90b-fd2c59177451
E06000040,Windsor and Maidenhead,492079,176541,-0.67541,51.48034,38,198427158.641678,114827.85425453,226cffd6-6002-4e4f-9a71-ed365a2e573b
E06000041,Wokingham,476624,169902,-0.89935,51.42296,39,178969062.886101,86869.6892364658,d7d34f34-87f3-4c13-91e2-2e57abd3b94b
E06000042,Milton Keynes,486408,242308,-0.7407,52.07241,40,308626721.690674,102957.957280917,9d0d2c24-24a2-4edc-9b78-e1d91a8e0072
E06000043,Brighton and Hove,530279,106850,-0.15079,50.8465,41,82832986.3240891,59517.9984461413,d9b89603-381e-468b-b60b-9b65c86c9cc4
E06000044,Portsmouth,465619,101352,-1.07006,50.808,42,40381702.3692169,62708.2022736547,f1dc35da-acbf-4a72-91d5-8cdfcb73475f
E06000045,Southampton,442303,113700,-1.39952,50.9212,43,49880631.5834122,61542.7955829543,a8708514-6c1b-4b49-9290-d07a3ec7fe59
E06000046,Isle of Wight,447183,85949,-1.33366,50.67129,44,379620110.286783,210137.73230538,b8f31dd0-aeb3-4158-b1d5-6ebdeabe481f
E06000047,County Durham,410381,532242,-1.8405,54.68513,45,2231432414.12584,315226.483631744,98eeb2c9-c800-4e1f-9ffd-c3f9e2e6f37b
E06000049,Cheshire East,380510,363462,-2.29299,53.16793,46,1166357340.22478,301202.123887001,d9c8858a-2116-4d98-b008-b6c215e30e10
E06000050,Cheshire West and Chester,353097,363145,-2.70298,53.16336,47,920018024.621178,335602.059504914,d68bf3b0-94d1-474c-b3f3-2bf305732701
E06000051,Shropshire,350227,302960,-2.73667,52.62212,48,3197275322.15964,580599.506306279,273f499b-e132-47e4-85c9-e6d448418aaa
E06000052,Cornwall,212497,64493,-4.64254,50.45022,49,3548939126.92263,1241696.51353641,405a6d3c-1d39-4a3c-a769-b62a047a09a5
E06000053,Isles of Scilly,91327,11447,-6.30217,49.92332,50,16317752.1032921,117979.163844593,770dfc46-55b3-47f9-b6d4-57e3d4be7659
E06000054,Wiltshire,405209,158863,-1.92661,51.32883,51,3255338105.52649,401997.073738198,b5c12d25-8b95-4bf9-8e84-63acf37088f6
E06000055,Bedford,505721,256463,-0.45463,52.19628,52,476408313.581512,131719.277394327,491f35b8-c21a-4771-b551-d17736350e99
E06000056,Central Bedfordshire,504615,234492,-0.47754,51.99903,53,715665436.200249,232685.180099795,ec824b3f-28b2-4616-8fac-b723b7987469
E06000057,Northumberland,395322,600700,-2.07523,55.30038,54,5032312670.59779,606236.97163611,7704eb34-1432-470c-8de6-7b5d038a125f
E06000058,"Bournemouth, Christchurch and Poole",410815,94066,-1.84807,50.74609,55,162070069.443581,169170.190930922,871fbdca-c907-4e76-8d0c-87daa0220ed8
E06000059,Dorset,370871,99796,-2.41467,50.79697,56,2490956549.68954,594350.704732187,cdc70be1-bb93-4518-9a77-a9e458b90e16
E06000060,Buckinghamshire,482506,208561,-0.80569,51.76966,57,1564937984.73737,361907.474854908,f48a9e1c-db4b-44ba-93c4-e068cd6f29ba
E06000061,North Northamptonshire,493590,281718,-0.62504,52.42546,58,986594539.219704,210624.116197611,e6ee6f62-5625-4eeb-a820-ec7e81955702
E06000062,West Northamptonshire,467187,263879,-1.01682,52.26898,59,1380395590.74594,263780.515769498,9744e1fe-edda-4e66-a690-35d73f3a1262
E07000008,Cambridge,545420,257901,0.126436,52.20017,60,40698821.5531006,37169.1755199722,3c5d60c5-3bfb-4b47-b6a7-44bab6661ee1
E07000009,East Cambridgeshire,555576,275765,0.283149,52.35788,61,651285998.080215,234186.37804255,99e80fbb-fe04-4f50-a8c8-8dbfaeb1645c
E07000010,Fenland,536361,294959,0.009016,52.53544,62,546450116.18045,187880.713056672,f260657a-80c6-4653-8e4b-ab6eea509f43
E07000011,Huntingdonshire,521008,274269,-0.2247,52.35315,63,912455230.935448,223334.105789929,6f4725cb-9f7f-47b2-8a92-40e634aeddc3
E07000012,South Cambridgeshire,543295,247586,0.091017,52.10805,64,901624749.081009,257074.63199472,3e424221-440f-4c58-872a-4be44731fd2e
E07000026,Allerdale,317520,532997,-3.2809,54.68524,65,1258309894.67578,326487.424636605,3438db44-e793-4276-8354-e2b25483455b
E07000027,Barrow-in-Furness,321741,474165,-3.1999,54.15731,66,77897008.4407959,146479.426812761,c00afd0b-9d1f-47eb-ad74-83b4ce726a37
E07000028,Carlisle,348576,565154,-2.80498,54.97833,67,1038296843.15015,278387.275851956,5845649a-d2e3-48c9-bda6-fea94310bfae
E07000029,Copeland,310871,508739,-3.37664,54.46617,68,737632415.012833,252310.172150818,b5cd3328-1be0-4446-bd67-8fd9b0d9d41a
E07000030,Eden,359636,526396,-2.62678,54.63107,69,2156479430.46436,268766.165774266,f9c8b241-56e9-4695-ba18-433918b18b9d
E07000031,South Lakeland,349265,489555,-2.78108,54.29908,70,1554926499.52023,381791.631485935,92268992-b196-43ab-98ee-44055309408c
E07000032,Amber Valley,436166,348084,-1.46219,53.02884,71,265437895.569733,109015.606044319,03618d8a-0be4-4f90-86d6-6f52234b3722
E07000033,Bolsover,448666,371548,-1.27228,53.23875,72,160334643.513474,96233.3664932635,febc550b-b463-4646-8783-509b6c1f6088
E07000034,Chesterfield,440049,373359,-1.40115,53.25575,73,66035323.1428528,52615.4706045034,ea8993d9-bc60-4004-833c-a8decb3c4bac
E07000035,Derbyshire Dales,419697,358493,-1.70711,53.12326,74,795318009.745445,245455.056178363,4287aeaf-5d3c-4b97-8079-5dd6d2a09e44
E07000036,Erewash,443721,338063,-1.3509,52.9382,75,109630039.364151,73544.8394314227,bba31c2a-02de-4edf-8333-934be6c132fb
E07000037,High Peak,410474,387660,-1.84398,53.38569,76,540254001.172287,159628.494883945,e5ab7b6e-e789-45de-af81-c843f34cc9a0
E07000038,North East Derbyshire,437369,362955,-1.44253,53.16243,77,275623494.267426,161225.071207051,af36df2d-db40-4b02-8632-b38782490906
E07000039,South Derbyshire,431443,325363,-1.5348,52.8249,78,338126978.455208,166687.786160215,0e205244-aa81-488c-8630-7dfbfdc0200c
E07000040,East Devon,313787,96051,-3.22364,50.75761,79,814238085.476988,219898.795348358,aa33377f-791a-4480-9056-c17313421752
E07000041,Exeter,293239,92005,-3.51368,50.71782,80,47033060.6327896,50236.9824915719,2f7b5e97-1081-477f-b53e-046a244a20e7
E07000042,Mid Devon,288064,108911,-3.59212,50.86882,81,912900687.437094,246619.14811547,2a452b87-8a3d-40b5-a5d6-e19aec0e8785
E07000043,North Devon,265110,132532,-3.92691,51.07621,82,1085892212.38564,321505.611666502,1ec6f4c5-c51d-44d7-b198-2de6d1b01528
E07000044,South Hams,270676,54036,-3.81996,50.37195,83,886546852.068371,478785.950013974,3152485f-cd48-42a7-ba30-a834b06245ec
E07000045,Teignbridge,283144,80205,-3.65289,50.60981,84,673759624.001635,191462.662144763,f2fab2c6-c0ce-42d0-9eb8-3ae23a3ed81f
E07000046,Torridge,244206,114334,-4.21728,50.90739,85,985260246.945179,316896.681147026,881c9611-4b79-4d9b-8358-1c3ee83031a4
E07000047,West Devon,256376,86990,-4.03361,50.66481,86,1161110790.80115,254084.548041845,17de434f-0daf-4ab4-8e92-d5030380ce16
E07000061,Eastbourne,559339,99575,0.258516,50.77387,87,44161445.7946434,38031.9095181751,08765e42-305a-4091-a612-6753f840d7c3
E07000062,Hastings,581528,110694,0.578395,50.86724,88,29796100.2023735,34101.6320304622,938a4473-e2e5-4008-b617-d9e4eb0f3886
E07000063,Lewes,541474,105686,0.007671,50.83341,89,292106824.947899,168355.61556881,544bbebe-3cc0-4f34-9fc9-e93068beecc3
E07000064,Rother,578721,119666,0.542937,50.94871,90,511753821.206711,180525.083767321,45907efa-a1a4-4560-84ad-eea732569952
E07000065,Wealden,555048,117180,0.205156,50.93322,91,834948480.554298,225861.743423267,58e70cd4-bf65-4a81-b405-ea26da544bb3
E07000066,Basildon,571548,190848,0.475055,51.59036,92,110001020.082626,85629.1291694682,91053161-d4c7-4432-bb48-857844cc187e
E07000067,Braintree,577253,227335,0.575911,51.91634,93,611708022.086105,168682.860674143,4e6a8c52-c1d2-43fe-bfce-c7f4949304e2
E07000068,Brentwood,558560,196070,0.290091,51.64108,94,153124041.91967,72338.721114412,b885d814-42f8-4c4b-b585-c37bced2f075
E07000069,Castle Point,579490,187920,0.588084,51.56159,95,44673543.6347198,163435.975133226,8aed590c-67e9-41f8-aafd-8fb2f7156a0a
E07000070,Chelmsford,572116,206972,0.491177,51.73503,96,342227524.020721,126392.216101991,9bac50a5-e1da-416c-9c00-063b2de0dbf0
E07000071,Colchester,596944,223693,0.859777,51.87702,97,332325207.727776,318166.221832059,f6cea24c-eabe-4bc2-8018-be13444a234c
E07000072,Epping Forest,548919,203759,0.154147,51.7128,98,338984118.261093,123269.197706998,2ffb97a9-ba17-479c-b9f7-ef5d8a17304e
E07000073,Harlow,545276,209589,0.103888,51.76614,99,30537927.558403,28513.3707443894,e0935c23-c67b-43c7-92bb-bf509f7796a0
E07000074,Maldon,591413,212072,0.773106,51.77458,100,357815664.49453,469755.601244554,abcd00b3-d9eb-44a9-9bd4-23f138e49c18
E07000075,Rochford,585979,191417,0.683442,51.5909,101,167092773.086838,234542.198085804,eb7ac1f1-5917-42e7-b79e-12c59f435846
E07000076,Tendring,614190,222141,1.108981,51.85674,102,336324483.202545,442524.763153251,daca6d9a-5e4a-4d35-9e15-038866da728a
E07000077,Uttlesford,557832,228865,0.294485,51.93592,103,641182884.0028,166503.257259225,9c25070d-8fa3-4df3-88e5-5949e3f0cca2
E07000078,Cheltenham,394925,222232,-2.07515,51.89861,104,46596063.962883,38220.6903355067,25aafbcf-b4bb-4984-be9b-578419ce3e25
E07000079,Cotswold,402125,208209,-1.97059,51.77255,105,1164524434.81,332430.632142207,36106f6b-1365-4edf-81c4-a63b90750876
E07000080,Forest of Dean,367175,212759,-2.47755,51.81249,106,525902205.293377,190123.946392423,63aa6925-84f7-4e27-adff-ef4caa27c810
E07000081,Gloucester,384071,216449,-2.23263,51.84641,107,40553067.1238632,33535.1384359469,00002f85-2306-4b8b-a15c-0a136239184b
E07000082,Stroud,378807,202410,-2.30818,51.72001,108,460541932.840958,172776.05769481,a208cec2-dac2-422c-a115-416e79af1ea2
E07000083,Tewkesbury,386347,226279,-2.19998,51.93485,109,414414331.620384,204816.828317149,331bacda-955f-44e9-b823-33c058ac8d84
E07000084,Basingstoke and Deane,454508,151423,-1.22021,51.25937,110,633808768.307358,143445.561610085,cbaa3bd5-8fd6-46a7-b7f5-4482dfe4c4c1
E07000085,East Hampshire,474405,129237,-0.9397,51.05765,111,514427244.742657,144529.50155922,16deff0e-6e94-47a5-8a38-c39dc9a7b53d
E07000086,Eastleigh,447199,116807,-1.32947,50.94876,112,79691534.0207672,75969.3701259384,efae9dd6-2856-476a-b7eb-32fa2bef51e5
E07000087,Fareham,453774,106319,-1.23742,50.85388,113,74252568.8639069,66391.3182765974,147560ad-b72c-43de-8c21-eb608f8b0147
E07000088,Gosport,458769,101088,-1.16731,50.80636,114,25373863.5987015,40198.9526446878,f2ee33e2-9767-4566-bec7-b366e0f75597
E07000089,Hart,477985,154240,-0.88321,51.28197,115,215265062.888855,77846.4171414185,15416b1c-12c8-4ee5-847c-b02cac71a668
E07000090,Havant,470178,108564,-1.00398,50.87231,116,55740905.0166512,115656.102677143,ea087b3a-a2a9-45b4-a2f4-c8087746c1bb
E07000091,New Forest,428748,106521,-1.59293,50.85748,117,752175282.793148,332040.78546347,56304896-3cbe-40e7-9dd0-6d68ec3c774f
E07000092,Rushmoor,486022,153944,-0.76807,51.27815,118,39045031.351738,31890.6799933273,3121719d-bdfe-4432-997f-e4397a861031
E07000093,Test Valley,434930,137329,-1.50214,51.13417,119,627605428.903973,190861.039845632,8a92bb1d-d740-4748-a9b3-5ca01d91dc51
E07000094,Winchester,453115,125901,-1.24393,51.03002,120,660970784.217972,172284.74960649,181062d2-909b-43d2-bded-2096466e512d
E07000095,Broxbourne,534742,204251,-0.05073,51.7208,121,51442323.4619751,39066.0781406614,d5039c79-f74e-4096-b28a-1aacba608e87
E07000096,Dacorum,500084,208745,-0.55098,51.76845,122,212476384.667572,110099.851922617,3b402b41-3411-442e-9204-2a3eeba6cf27
E07000098,Hertsmere,519774,199352,-0.26899,51.68017,123,101128118.175667,61226.9755336206,f1d672fc-ec41-4a93-bc88-12d5cb1a39c0
E07000099,North Hertfordshire,522191,230255,-0.22315,51.95737,124,375382263.828629,168304.522402386,74855038-2617-43c5-b5aa-e811b13f5648
E07000102,Three Rivers,507313,196418,-0.45005,51.65632,125,88824130.6230011,74110.379284116,a8983695-9c17-4935-a509-b8e939140681
E07000103,Watford,510441,198197,-0.40429,51.6717,126,21430353.2294617,26390.2208397151,3d175ec0-0745-4a77-a893-029a8fca22ce
E07000105,Ashford,597640,140644,0.823374,51.13096,127,580617311.897118,149444.582577307,804c01d7-4eca-489d-b1f6-931e2d5a2809
E07000106,Canterbury,616032,158096,1.096342,51.28102,128,308752611.633759,134480.530270857,d225f082-ed60-4903-86e6-5e3beaab6b20
E07000107,Dartford,556167,172917,0.245276,51.43373,129,72725607.8161087,57308.8677406833,a7d5a79d-0018-402c-afdb-87401f3642a2
E07000108,Dover,628964,150942,1.276887,51.21176,130,315337913.662262,148158.331321105,a39fa257-dfe5-4aed-8d25-ece242c6316b
E07000109,Gravesham,566969,169114,0.398744,51.39649,131,98991343.5061035,60514.4099095587,a13e3030-9467-4267-89b1-a1e28bdb3f9e
E07000110,Maidstone,580489,151670,0.584061,51.23566,132,393329500.961746,122978.78174292,c5f64941-d373-4453-a23e-352e00414697
E07000111,Sevenoaks,552776,155218,0.188936,51.27563,133,370347002.872887,134424.857442803,ef946b11-4f0d-4315-b069-d04fb7fba057
E07000112,Folkestone and Hythe,610318,134595,1.000795,51.07213,134,356921043.861404,148967.53012936,c4382414-5b47-456a-8454-3e0f2d3a55b9
E07000113,Swale,593583,161818,0.776893,51.32251,135,373436674.224632,347821.500066029,c9e5e6ef-66ba-4cb0-9f42-1b3475c2b6da
E07000114,Thanet,631839,166752,1.328226,51.35252,136,103609166.227501,65350.743918869,0f3fa4ef-e553-48c1-ba9b-da3617b1cb70
E07000115,Tonbridge and Malling,564014,153898,0.349306,51.26064,137,240114170.735138,133207.598464157,52d9158c-cb7a-475e-866d-c3217b3c79ea
E07000116,Tunbridge Wells,573139,136599,0.471632,51.10254,138,331328785.658195,150582.555352952,8921ecd3-5d4e-432e-b911-72bdd89b7915
E07000117,Burnley,384886,430882,-2.2308,53.77406,139,110683988.566406,57758.3849479255,4cb4c231-fc7d-4183-8e8c-b3b4c148f46e
E07000118,Chorley,359189,419724,-2.61921,53.6724,140,202762183.401443,114512.346233295,379d99ab-009d-41f4-b945-bb7cdb5be647
E07000119,Fylde,339554,433811,-2.91914,53.79709,141,165697311.171219,138362.744300761,ce720c8c-389c-4df7-aceb-33f7e904c95f
E07000120,Hyndburn,374407,428971,-2.38964,53.75648,142,73006531.9950256,42725.5895458216,0922d47d-4643-4def-ab6e-91371b8cc962
E07000121,Lancaster,356896,464988,-2.6603,54.07901,143,566931388.429276,345316.924214594,2219befc-9cb6-4a2f-933e-0b9956ad6614
E07000122,Pendle,387637,443368,-2.18957,53.88636,144,169380123.60495,79240.7874487146,c125fa4d-91b8-4dfe-8df7-cb8193538b30
E07000123,Preston,352825,436432,-2.71809,53.82202,145,142284174.215057,82800.2153872617,b72f2585-607f-40b6-8002-8b04cfb7c26e
E07000124,Ribble Valley,372687,447676,-2.4174,53.9245,146,584462410.81546,150567.848726777,202712a8-f5dc-4ba9-87d9-2757c536eab5
E07000125,Rossendale,382827,420955,-2.26149,53.68478,147,138040945.395981,71146.5805886302,80c76add-db4d-4fb4-915e-ac4e3853c4c8
E07000126,South Ribble,352017,425840,-2.72871,53.72675,148,113141836.473007,105349.841184343,83e431e7-a541-44d5-ad6b-7dbcd3912a1b
E07000127,West Lancashire,342611,413270,-2.86893,53.61283,149,346632972.355667,227318.107045886,af6d93dd-8526-42cf-8388-175a2a9573e2
E07000128,Wyre,347295,445159,-2.80359,53.89991,150,282164343.394623,212915.423835105,0cc6b693-a021-4f55-bbfc-eb22877ad484
E07000129,Blaby,454385,297994,-1.19887,52.57706,151,130468683.748283,100814.853323911,e4cc3468-37fc-4173-ac3e-af1be0c920bf
E07000130,Charnwood,458365,316155,-1.13694,52.7399,152,279042271.32692,115467.998574257,e9e47b42-f9e8-4e04-a9b9-72515d36779d
E07000131,Harborough,474549,293875,-0.90229,52.53766,153,592692009.022011,185943.110691819,e2c0d5f1-97cb-4107-beff-71f7b631b197
E07000132,Hinckley and Bosworth,439538,301379,-1.41755,52.60877,154,297351522.794861,111542.038513824,1902968a-0d97-477d-9881-6c7a63000161
E07000133,Melton,477328,323472,-0.8544,52.80329,155,481380450.704636,140624.572169108,6e44e494-9481-4417-abcb-4912866e187e
E07000134,North West Leicestershire,439111,316252,-1.42209,52.7425,156,279328099.664093,116450.135016811,6c16aecb-780f-4785-9d21-b1c0a472e79b
E07000135,Oadby and Wigston,461543,299379,-1.093,52.58875,157,23526168.5615234,31168.1447108195,21e90940-2f9f-4f89-9f29-4b05e8ee7a44
E07000136,Boston,526851,343953,-0.11218,52.97794,158,364008556.760574,440528.310686102,6691ac01-37d4-4188-9388-bf17df6c94ec
E07000137,East Lindsey,534861,376064,0.020516,53.26446,159,1766773262.65205,373174.569529616,191b0962-f0e4-4815-a738-64c4b755a40f
E07000138,Lincoln,496347,370096,-0.55848,53.21921,160,35690262.1727448,32968.7309952948,19bad011-4022-4b7d-a4a1-2f9350329d51
E07000139,North Kesteven,502135,354788,-0.4767,53.08058,161,922471413.921478,181805.062441591,04d2d871-31c6-43e8-96f3-8282822eb5a7
E07000140,South Holland,532910,322928,-0.03057,52.78758,162,750076203.585388,438381.959989773,23536443-ee4c-467f-93ec-8c368feaa43f
E07000141,South Kesteven,501406,328986,-0.49565,52.84885,163,942585741.048859,209809.642173754,994cc04c-e7b7-4dff-8720-37cdcf58b93d
E07000142,West Lindsey,499314,390326,-0.50774,53.40044,164,1155731948.82578,249626.336213677,7927ecdf-b5ad-4224-8e48-188c1366527c
E07000143,Breckland,591015,303330,0.818716,52.59421,165,1305116636.27957,239522.366983952,8605aeee-b160-4632-aaaa-ab9f23c7eb33
E07000144,Broadland,619864,315909,1.252317,52.69622,166,552060685.638245,219123.105970655,5667a134-bbf3-43b8-9871-a115347a08ce
E07000145,Great Yarmouth,646761,315881,1.64951,52.68439,167,174314084.185471,145906.026155804,03521f34-3748-45fb-a58b-2089401cc3ea
E07000146,King's Lynn and West Norfolk,571219,315805,0.533243,52.71283,168,1439522848.03149,695918.208736758,518820b1-2463-484c-858b-126ca89d997d
E07000147,North Norfolk,611076,330857,1.132099,52.83389,169,967553276.527405,600209.779617574,17052781-5009-42cf-8b82-26d055dd1bf0
E07000148,Norwich,622355,309773,1.284979,52.64013,170,39021876.966095,52684.4387944125,e6f19622-d56a-4228-bd9e-30e110f8382f
E07000149,South Norfolk,628990,295823,1.373233,52.51218,171,907576576.146591,266869.497485678,ca9d6426-e5c3-44f4-b3a4-b70513b4d152
E07000163,Craven,389513,461989,-2.16168,54.05376,172,1178807535.3551,199881.375346452,fabf1def-34b6-4b46-9779-7f578a7caee5
E07000164,Hambleton,443009,490546,-1.34049,54.30872,173,1311256293.98462,298682.454054928,e3c6a682-c157-4711-9f12-572db4d1d2aa
E07000165,Harrogate,427473,464652,-1.58161,54.07708,174,1309117875.80103,246981.310508245,28929cc3-a00a-4440-a880-7c4bc97b43b3
E07000166,Richmondshire,401039,495786,-1.98552,54.35761,175,1318702662.09824,221692.587160329,3fce82c6-6404-463d-b192-9e1bad778749
E07000167,Ryedale,474645,478532,-0.85735,54.19713,176,1576037780.39989,288295.509029856,ca2b6780-881c-4e0e-af63-0cf8064f9350
E07000168,Scarborough,487119,504929,-0.65851,54.43234,177,746734201.120041,232237.417120354,5ea0475b-cf43-451c-887e-974a637ffe56
E07000169,Selby,457551,426670,-1.12908,53.73327,178,599315573.923569,264845.034329299,b4188390-ab28-4a41-a625-8db13b1f65a3
E07000170,Ashfield,450035,355843,-1.25422,53.09747,179,109557954.123535,69168.0549787649,fb1c950f-81f6-4a45-abbc-6c5f931f3b41
E07000171,Bassetlaw,468073,384835,-0.9787,53.35604,180,637803606.42421,159728.455054285,bf250791-0265-460b-9ff3-f107931cea0a
E07000172,Broxtowe,449829,341893,-1.25944,52.9721,181,80098843.9173431,65996.6218856484,100e3573-231b-486d-a5ab-37918a605271
E07000173,Gedling,459184,347811,-1.11907,53.02434,182,119981502.24617,69750.8310113412,8ae7d409-303f-48b5-9100-78fa71b50d1d
E07000174,Mansfield,455047,363637,-1.17804,53.16703,183,76696927.4926605,51089.9016277906,19796e7f-44e6-41d3-b83c-0b5c0edcd481
E07000175,Newark and Sherwood,470624,357451,-0.94643,53.1096,184,651340476.370392,187413.7482207,95a662b9-93bb-4b30-824c-9af14291751c
E07000176,Rushcliffe,466606,335453,-1.01097,52.9124,185,409231546.466995,123321.322043074,1aa7a8ba-a966-4e55-a0e3-683ba62e2413
E07000177,Cherwell,449301,221201,-1.28506,51.8872,186,588745404.830795,225617.395164138,4567b506-1751-42ef-b286-a1cc17aa3c38
E07000178,Oxford,452277,206368,-1.24405,51.75357,187,45602825.5069656,34993.844626057,cc916576-051e-4217-8fc9-8dd62970768f
E07000179,South Oxfordshire,463890,191964,-1.07847,51.62288,188,678492168.0867,205550.098477864,2abdcf1c-0f5a-4d3a-8912-f9e1af29693d
E07000180,Vale of White Horse,435693,195197,-1.48543,51.65443,189,578679719.457848,176033.370660927,39f6611e-9b2c-4506-8c0f-4a056ff741c1
E07000181,West Oxfordshire,434343,215816,-1.50292,51.8399,190,714422037.287323,160237.256592195,4c9dbe4b-d4a5-4d8a-82b7-e09433b1feb8
E07000187,Mendip,362238,144090,-2.54178,51.19476,191,739435455.84145,198844.392404697,a517cb29-b110-45c4-b92e-3eabae7650b4
E07000188,Sedgemoor,338429,143998,-2.88246,51.19186,192,564223822.301853,258005.444665784,1e83daf9-1aa7-4f76-ac75-a329d62686b9
E07000189,South Somerset,345633,120798,-2.77588,50.98399,193,959053025.863747,241548.032961482,9391c1b2-69e2-40c0-97b8-40e38e788f7e
E07000192,Cannock Chase,401261,311553,-1.98277,52.70166,194,78882578.3519669,50125.8394489737,08f897d5-f639-400b-af56-a595d7b01833
E07000193,East Staffordshire,412601,326569,-1.81438,52.83651,195,389987122.843025,183691.288895755,7ce24ed9-4e0e-446f-964e-2d878b610de7
E07000194,Lichfield,416283,310967,-1.76049,52.69615,196,331294321.205109,127463.170739768,9ed1c9f5-36a4-40b6-ae7b-3dfe3f67abd5
E07000195,Newcastle-under-Lyme,378199,345174,-2.32631,53.00345,197,210957295.971909,108251.653778863,bb811a87-23b5-4589-bf85-b81f133b2359
E07000196,South Staffordshire,389625,311037,-2.15495,52.69692,198,407322353.328491,184884.661607311,308ca3a8-848b-4a3c-9b59-84de394b7b9e
E07000197,Stafford,389001,327836,-2.16475,52.84792,199,598172189.401169,159072.547255002,c0ded0a8-4e1f-40dc-96f9-bd9822e30763
E07000198,Staffordshire Moorlands,400543,352443,-1.99334,53.06924,200,575849809.00811,152441.966463739,9781d7b7-88b4-4b97-8848-a456fa6d66e8
E07000199,Tamworth,421455,302550,-1.68451,52.62031,201,30850724.0121002,30729.4523914775,c425ee49-21bf-469f-af10-b2a8c2cdf35a
E07000200,Babergh,599987,244692,0.916149,52.0645,202,595116582.503052,210443.312612023,7c7b71e6-86b9-46be-ab31-794631dfeebd
E07000202,Ipswich,617161,244456,1.166145,52.05592,203,39509771.4361115,45341.496541064,49b29361-94a3-4646-887b-042ffdfbc8f5
E07000203,Mid Suffolk,611646,262338,1.096953,52.21859,204,871070710.020721,191151.730303906,a20beb96-38e9-4d90-8b44-b633a8bed841
E07000207,Elmbridge,511882,163658,-0.39441,51.36098,205,96334273.0766754,52204.4385998147,0cdd3e5e-a62b-490c-8892-19d16afdde90
E07000208,Epsom and Ewell,521176,161475,-0.26172,51.33945,206,34079154.5370331,28503.8092975754,336e7823-f6ba-4aab-bbe5-49ffa0e26990
E07000209,Guildford,500408,151481,-0.56257,51.25366,207,270931144.02079,128412.382018558,811b5738-4739-4250-88e6-20c3dc9b4850
E07000210,Mole Valley,518377,148953,-0.30603,51.22749,208,258321090.604195,105397.031980434,053b874f-ebdd-4a84-9ab0-73ff643d6d38
E07000211,Reigate and Banstead,525786,152574,-0.19871,51.25846,209,129143817.748154,79917.0905767468,bb08349d-9342-4778-8f98-60e01cccc054
E07000212,Runnymede,501777,166979,-0.53855,51.39273,210,78040680.6398315,45677.007524902,3d2feb35-2f95-4a77-9b7b-89d85549f3eb
E07000213,Spelthorne,507012,169622,-0.46254,51.41552,211,51161350.4098892,44131.1428612105,b1a89b28-7881-426a-b878-043d213005cb
E07000214,Surrey Heath,491362,160483,-0.68986,51.3361,212,95092963.0002747,53557.764578556,edff2556-3137-466a-89de-c5f2e31575fe
E07000215,Tandridge,536365,150325,-0.04805,51.23581,213,248194582.980942,83131.8930481927,59193a3b-b1e1-4504-ae50-d5227cfe2dbb
E07000216,Waverley,496363,140635,-0.62343,51.15686,214,345170238.491543,125428.597835176,0002aabb-d934-435c-bbd9-54cfaefccd96
E07000217,Woking,499087,157542,-0.57982,51.30837,215,63603608.294426,54780.2122292832,43c645a1-4503-4ba8-a043-60d60ef00973
E07000218,North Warwickshire,425570,296399,-1.6242,52.56484,216,284261518.649086,113228.85783183,d4c5bd16-eb97-46c8-9afe-fb759d989c49
E07000219,Nuneaton and Bedworth,435419,289352,-1.47965,52.50094,217,78950267.1659927,48147.0588079889,74f7c0ad-f34c-4b85-aa51-58d27d485e5c
E07000220,Rugby,446498,276244,-1.31828,52.38228,218,353557317.712494,115087.24363392,78894858-e024-465b-b1f6-dc976671f74e
E07000221,Stratford-on-Avon,425019,251536,-1.63565,52.16154,219,977869032.994003,261369.031234585,5f589786-c711-4810-9637-5ea237f38e9c
E07000222,Warwick,428484,267113,-1.58369,52.30142,220,282882324.589981,116714.078810518,a5c13e82-5c61-4cfc-9259-995aa39a4707
E07000223,Adur,518076,106472,-0.32417,50.84572,221,42065500.7971153,60515.2393173462,17154381-5bcc-4efd-b669-ed31bfbd96db
E07000224,Arun,495144,105723,-0.64999,50.84321,222,220991208.823517,156496.558931363,0bb2f825-3cd9-4b74-96bc-c2c8505a436e
E07000225,Chichester,490285,116600,-0.7163,50.94177,223,786194915.21093,297267.271791169,21034c80-16aa-4951-b8f9-6717c110e47e
E07000226,Crawley,526390,137581,-0.19533,51.12357,224,44971227.3985825,38798.5820994218,3bd07f77-8378-42f9-8180-b2acd4b50f16
E07000227,Horsham,513674,123840,-0.38126,51.00272,225,530278329.223454,215754.884714148,2146d0fc-fd85-4d48-b664-155a5c05dc63
E07000228,Mid Sussex,533054,130623,-0.10272,51.05953,226,334029216.736504,132901.26791811,e05f2faa-a81c-423e-aff3-5351f66d52c3
E07000229,Worthing,512679,104948,-0.40127,50.8331,227,32521006.014946,29461.7156766559,dabd4331-07c2-4928-ac99-867418deea5d
E07000234,Bromsgrove,399840,273736,-2.00376,52.36169,228,216968441.120949,113128.333688222,135154fa-9d99-423b-9c3a-a2fcb0cc078a
E07000235,Malvern Hills,377465,252197,-2.33089,52.16758,229,577070951.886055,230594.571309952,7fdd616e-8a9a-4795-b75c-3b6a83009f47
E07000236,Redditch,403705,265253,-1.9471,52.28541,230,54250908.2603149,41300.3373143932,c3c0f841-0318-4ea1-aac5-600c8ec79072
E07000237,Worcester,385725,255196,-2.21025,52.19482,231,33278111.1236725,31261.2304343563,83812bcb-cc6b-45ea-896b-af5d07e7b919
E07000238,Wychavon,398991,247839,-2.01614,52.12886,232,663542007.469109,219510.915753207,c9924e80-a7ab-4ce9-9b1c-e0289ca0a5ab
E07000239,Wyre Forest,384106,276388,-2.23494,52.3853,233,195403730.262199,100861.152767908,f6a2498d-a584-4dcc-9882-aa6a08b9726f
E07000240,St Albans,514580,209623,-0.3407,51.77356,234,161205788.992043,72941.6954485127,0f37c5cb-9047-440f-8081-0539a2e275b0
E07000241,Welwyn Hatfield,525345,208467,-0.18518,51.76087,235,129536962.915245,82383.3616268959,cd5cf300-c3b3-4597-bc7a-499f1fcfa337
E07000242,East Hertfordshire,537995,220370,0.002739,51.86485,236,475669142.173576,135178.027176787,f716a73d-bbae-4c16-911d-95d8b3051f61
E07000243,Stevenage,524622,224531,-0.18987,51.90539,237,25969247.2625275,28585.161430964,e629c31f-8882-40db-8102-4b97dfffe2f5
E07000244,East Suffolk,636043,266272,1.456186,52.24399,238,1260989522.05296,584784.814429036,a1407b3f-4923-4c92-8518-85de5fad2388
E07000245,West Suffolk,580944,271124,0.652769,52.30842,239,1034675737.77446,274539.879009978,c5c97eac-bb41-43bd-a20b-aec1d1c5d61f
E07000246,Somerset West and Taunton,304961,130227,-3.35764,51.06348,240,1189066301.1416,288889.206722841,0b8e5f5f-7a0e-42b0-8fc4-3929a6a66149
E08000001,Bolton,368352,409873,-2.47952,53.58449,241,139792040.674789,82643.5197746864,8aa91f9f-b678-485c-beec-5366958ad560
E08000002,Bury,379658,410768,-2.3088,53.5931,242,99460098.088501,68535.7621537225,3b4b6fa9-eb70-42c3-ad3f-888400cf9d9e
E08000003,Manchester,384591,397063,-2.23359,53.47009,243,115648443.590103,86841.9510631882,bf00e6b3-bbe8-4843-88ec-f443e3a2f8d4
E08000004,Oldham,396603,406784,-2.05274,53.55768,244,142344867.617081,71145.2166053481,bf7a68f4-9640-4704-9594-7a5a48ff33e1
E08000005,Rochdale,390315,412326,-2.14784,53.60741,245,158128218.886078,82706.3709034793,588dbc0c-ed4b-4912-9944-4465d7c70cae
E08000006,Salford,374556,398128,-2.38485,53.47927,246,97197259.633194,63262.7594028187,29c2ff0b-11b6-4206-83f4-85bc8a513648
E08000007,Stockport,391806,388264,-2.12467,53.39116,247,126040348.490097,73631.0890907973,41ffa7c2-9ad0-48ae-8c22-2747d303ad58
E08000008,Tameside,394987,397995,-2.077,53.47867,248,103154247.722641,55973.0550571155,a0bc26d5-05d7-410f-a0d3-ad14537641a0
E08000009,Trafford,375790,391162,-2.36572,53.41671,249,106044604.785675,60714.9991313479,1f32e5ca-b02d-4d4c-b02b-5907ef1b9cdc
E08000010,Wigan,362136,402125,-2.57247,53.51444,250,188171014.795837,88682.4116794718,7be1c34d-14c5-4bfd-b098-5d5644bf608f
E08000011,Knowsley,344762,393778,-2.83297,53.43788,251,86500031.7274017,68163.8832839651,783cdcd8-4c19-47f2-9439-2df8086c1762
E08000012,Liverpool,339361,390553,-2.91364,53.4083,252,111835593.626411,62696.5993588289,3119f08c-9584-4374-9dda-ceecff8f8fe0
E08000013,St. Helens,353412,395992,-2.7031,53.45862,253,136358780.853088,76379.812216368,264e7da3-2809-4f44-bfa3-2e004e688f16
E08000014,Sefton,334282,398832,-2.99177,53.4821,254,156578258.79126,130341.257310849,93acabda-17f0-4dfa-807e-cc3571173950
E08000015,Wirral,329110,386965,-3.06701,53.37478,255,160922004.907288,133924.121231149,7ee9e903-4026-4daf-8c33-ae80a5984f67
E08000016,Barnsley,429979,403327,-1.54925,53.52577,256,329077576.743942,126418.480693044,59c6e426-d43f-41d1-97ff-4ca795036c39
E08000017,Doncaster,459167,403735,-1.10894,53.52697,257,568006431.217484,171113.010006791,ae18a485-124c-4fd5-a54d-0bf0c8745dd5
E08000018,Rotherham,447542,388980,-1.28651,53.39553,258,286534378.866501,106146.658844867,050b99f4-6c05-469f-9cc7-fe93f03237d5
E08000019,Sheffield,430511,389736,-1.54254,53.40358,259,367929997.213348,132824.242952116,b212d72b-c922-421f-afbc-1a9849702e77
E08000021,Newcastle upon Tyne,422287,569661,-1.65297,55.021,260,113451801.243317,65213.8280471217,d22e9ed8-6819-45c3-abc8-7d64f1906ebe
E08000022,North Tyneside,431471,570602,-1.50923,55.02896,261,82300621.1451874,65595.8023921869,ad842797-8166-4684-9ea0-52d6a3ed3bfd
E08000023,South Tyneside,435514,564057,-1.44679,54.96988,262,64420334.6034393,51335.0171606378,a398a7af-8ae1-414e-afb5-2464402b9f36
E08000024,Sunderland,436470,551524,-1.43344,54.85719,263,137436290.144424,99821.9690448938,615e4498-603d-4064-90f5-b97e0463be25
E08000025,Birmingham,408150,287352,-1.88141,52.48404,264,267791151.73967,106250.794014248,04c607e7-0718-438b-843a-3d29f22bd434
E08000026,Coventry,432807,279689,-1.51908,52.41423,265,98639088.6562881,54052.4494128151,842e34e6-0e09-4800-b8bc-865c6b33a0cd
E08000027,Dudley,393191,288584,-2.10171,52.49513,266,97958229.5149384,75372.2907122196,c52f95e0-f529-4879-aa86-10ca14f46735
E08000028,Sandwell,399573,290764,-2.00771,52.51477,267,85558906.1847763,59201.6852450065,5181d5c5-8e0d-4a74-b6ab-3e34b57cc21b
E08000029,Solihull,419434,281483,-1.71558,52.431,268,178282023.161247,101023.266819082,a1c6fe1b-c157-41a0-8aec-f791d5219e83
E08000030,Walsall,402098,300804,-1.97044,52.60503,269,103973530.000946,59399.7390444176,3da83991-33b8-4a8c-b37b-21d9410df279
E08000031,Wolverhampton,391463,300016,-2.12746,52.59788,270,69436685.1266327,56050.1278266087,f276b367-75bd-4312-940f-7e5708afff38
E08000032,Bradford,408395,438626,-1.87389,53.84382,271,366419689.51532,135914.965732405,a430004b-b70f-4a22-85d9-43c2e7ad4d59
E08000033,Calderdale,402617,424896,-1.96182,53.72048,272,363960946.597305,107684.893783348,6d5ac278-5e77-41fd-a188-9704823414f6
E08000034,Kirklees,414586,416223,-1.78085,53.64233,273,408551667.407288,125665.908370181,69fe0058-44ab-4b80-a8b0-12b2b3bd3ee5
E08000035,Leeds,432528,436384,-1.50736,53.82273,274,551706498.093048,161516.600530211,4e4d7f4c-1400-4d5b-8ea4-718649b8fa38
E08000036,Wakefield,438366,418235,-1.42092,53.65922,275,338619719.483505,109444.438663069,4e8f1916-44b7-4d32-a64a-c153cf02bfcc
E08000037,Gateshead,420158,559652,-1.68696,54.93115,276,142339149.241318,90175.8152669966,0f8fc9fa-5670-4f7e-95f9-48637e4fc6af
E09000001,City of London,532381,181359,-0.09353,51.51565,277,2890318.44403076,9377.81467502522,7bbffd6f-26c7-4513-8082-f004edea84f6
E09000002,Barking and Dagenham,547757,185111,0.129479,51.54555,278,36101455.4189529,40898.4282753648,8d399031-4280-4753-a321-2ec1f8a2c8be
E09000003,Barnet,523472,191753,-0.21821,51.61108,279,86748227.8831329,50815.5975177389,b618c756-7e3d-46b4-b1f0-30f418a38c94
E09000004,Bexley,549202,175434,0.146212,51.45822,280,60578408.1245193,47931.4230818983,2c231b73-75e2-4c4c-b42e-b9d47cf12523
E09000005,Brent,519615,186468,-0.27568,51.56441,281,43232684.1274872,38331.001751277,16fc32fb-df43-4eb1-bad4-df76f6a2c9f6
E09000006,Bromley,542036,165708,0.039246,51.37267,282,150130427.159538,76141.6277070387,99ce8870-83e4-408f-b130-8e1d430eff08
E09000007,Camden,527492,184284,-0.16289,51.54306,283,21789308.595253,26149.495598481,42ecce98-604e-4af1-9c1e-eec9fe52f8e4
E09000008,Croydon,533922,164745,-0.07761,51.36598,284,86496808.3293228,58688.2842361555,43452706-09cd-47c6-9456-0794bbae66aa
E09000009,Ealing,517057,181960,-0.31407,51.52443,285,55544376.032196,47432.5829098616,ab232fbf-b4e8-4e10-80d5-c5284b7583b0
E09000010,Enfield,532829,196197,-0.08147,51.64888,286,82200174.297287,41061.1111768429,d4c3d53a-fdde-48e1-84de-e7c59a1fa1cd
E09000011,Greenwich,542507,175879,0.050093,51.46394,287,47307031.4329834,47566.9752848355,032aa1f7-585c-4802-b6bc-44668aefd0c0
E09000012,Hackney,534560,185787,-0.06045,51.55492,288,19046912.9773788,25374.028868182,16593ec3-8300-46ca-8cd0-caba4fcfb4e2
E09000013,Hammersmith and Fulham,523867,177993,-0.21735,51.48733,289,16403545.8968506,23966.1399241039,936c2af3-61e3-4784-be7b-52edbc09035d
E09000014,Haringey,531262,189349,-0.10667,51.58771,290,29598417.6468964,29011.100205627,1d577464-eb5f-420d-8817-00f698248ca0
E09000015,Harrow,515356,189736,-0.33603,51.59467,291,50463307.3829956,33734.608106147,19696c09-c8a1-4a92-9997-3de6721451a8
E09000016,Havering,555032,187514,0.235368,51.56519,292,112341328.142738,63706.9860246864,f40a4793-4c17-4c49-a276-8f77f7142cd9
E09000017,Hillingdon,508166,183120,-0.44182,51.53663,293,115700600.050133,63883.1561402854,3cc14d40-02e3-4673-9a36-4268c7366663
E09000018,Hounslow,512742,174965,-0.37847,51.46243,294,55970470.8641586,64471.2436618718,db8c2d88-9176-40ff-a908-c7cfc15e58c7
E09000019,Islington,531158,184647,-0.10992,51.54548,295,14856680.6578674,20720.1949694478,5179fd07-c638-4e28-9707-e015426da829
E09000020,Kensington and Chelsea,525757,179053,-0.18976,51.49644,296,12125528.5328598,20963.4584035467,da1e5792-99a6-4ae3-87f7-42df074b6775
E09000021,Kingston upon Thames,519508,167389,-0.28367,51.39296,297,37265392.9152222,37527.9493942753,b2d3e246-a706-4a68-b4d4-ca38f907c411
E09000022,Lambeth,531117,175629,-0.11386,51.46445,298,26807914.5192261,33999.8604751881,3de72969-acb4-4694-bb42-960dcb625817
E09000023,Lewisham,537889,173344,-0.01733,51.44231,299,35148365.9241028,41158.0294216116,09d0bd9f-18f4-4131-9344-ee6cbf0a95b8
E09000024,Merton,526069,169507,-0.18867,51.41057,300,37624746.5277786,32340.3771201137,714d2991-1561-49ae-b64f-d6f33d651312
E09000025,Newham,540714,183344,0.027275,51.53147,301,36198118.0374069,35772.3133095239,ba08f473-d135-4c52-9c02-37ef8408e5ac
E09000026,Redbridge,543512,189477,0.070085,51.58588,302,56403472.4249954,50426.1191048432,e44e70f6-43e0-4425-a8b4-e278a6b2f8b9
E09000027,Richmond upon Thames,519005,172650,-0.28914,51.44035,303,57393447.9808273,68787.7012682714,67b858f4-3c58-4392-a376-6c4b767df2c9
E09000028,Southwark,533945,175863,-0.07309,51.46589,304,28876525.9301224,34570.9765509178,6b4ae29e-427b-497e-b188-5be2717fef20
E09000029,Sutton,527356,163640,-0.17227,51.35756,305,43842789.962265,39804.2153145852,53f65845-4af6-4030-81e1-e7c619f29a52
E09000030,Tower Hamlets,536340,181452,-0.03647,51.51554,306,19770856.8000107,28746.8910481568,3e5d5b9f-c649-47c8-956d-e175666aea6c
E09000031,Waltham Forest,537327,190277,-0.01881,51.59461,307,38807995.9513626,33326.6907765963,770ce5aa-7b1f-4731-83f2-dfd897379557
E09000032,Wandsworth,525151,174138,-0.20023,51.4524,308,34257039.1979294,38789.7703657056,bfd8a606-3df0-4800-960a-7e991735e311
E09000033,Westminster,528268,180870,-0.15295,51.5122,309,21477144.2528915,27425.6050038667,61638fa9-99c5-4343-938f-6258c2a4c65c
N09000001,Antrim and Newtownabbey,130813,541285,-6.1776,54.69386,310,728186534.01133,165066.961090158,3033a8b9-5a43-4194-9495-7e788b94ae77
N09000002,"Armagh City, Banbridge and Craigavon",112110,508158,-6.43455,54.3867,311,1437068573.07787,242954.335395177,ecaa3387-c6ee-4701-9446-b8d99a2a9252
N09000003,Belfast,146465,529747,-5.92535,54.59853,312,137716652.025108,65866.7852260913,bc1623a7-bfb9-45c7-87da-dd70345d4a23
N09000004,Causeway Coast and Glens,106168,581420,-6.5996,55.03962,313,1985534670.71793,381026.18387915,9f6abab2-47ef-4494-9e33-bae31dbb19e1
N09000005,Derry City and Strabane,51779,559566,-7.42064,54.80904,314,1251241580.2269,271397.40327128,ce381543-8f75-48a4-953f-d11b81b4f0ae
N09000006,Fermanagh and Omagh,41233,513013,-7.5271,54.38521,315,3012114892.36445,426437.771573504,aa33b60a-c7cc-4912-9bab-b32dac4c81ad
N09000007,Lisburn and Castlereagh,138712,518920,-6.03545,54.49752,316,510438048.321739,167278.148593367,06b26359-73ef-4c9c-9e3b-18c4f5433fcc
N09000008,Mid and East Antrim,133943,560151,-6.14645,54.86462,317,1061355460.9354,234604.730290033,95257f5e-8ede-485d-840a-a70e75d4599e
N09000009,Mid Ulster,83920,528564,-6.8889,54.55273,318,1957293776.36245,318306.174447411,ea2cbb1a-791a-47e9-99c5-e05a8ea0b750
N09000010,"Newry, Mourne and Down",133006,480432,-6.08891,54.14953,319,1682340596.67157,379481.25491599,84eddac7-4f85-4cab-985b-636e57280bf3
N09000011,Ards and North Down,164321,524944,-5.64568,54.56409,320,566472991.274521,203349.301102071,249773be-f135-44c6-9d90-eb19e1b4d6e2
S12000005,Clackmannanshire,291178,696402,-3.75316,56.14784,321,159184968.76619,96933.0750418422,51996785-8571-4e55-8ea0-fb19833dbb31
S12000006,Dumfries and Galloway,270645,579856,-4.02863,55.09621,322,6436567213.92647,1207329.63196206,1b09c836-896e-48c9-afcc-b61c553e5a84
S12000008,East Ayrshire,255398,624935,-4.29057,55.49674,323,1270345623.57393,341126.501410668,29d1d72a-463b-44b3-83a7-e09e7ae18669
S12000010,East Lothian,354854,672351,-2.72435,55.94207,324,679240459.691589,202120.828124236,1695968e-4270-4321-a819-3c190f6f5952
S12000011,East Renfrewshire,251930,653115,-4.36058,55.74868,325,174247286.301239,93982.4588278508,a312a572-1911-48d4-a323-dfdf46bb345f
S12000013,Na h-Eileanan Siar,126473,932862,-6.65722,58.19938,326,3096614423.02372,3871025.95969535,7ce78a20-ff15-4252-b9c2-3454f50c128c
S12000014,Falkirk,285585,680170,-3.83619,56.00077,327,297137422.788071,169016.307883955,064e89c7-63f1-4f4b-a020-209d94702ba7
S12000017,Highland,241018,858292,-4.66103,57.58657,328,26158740580.2084,5228318.65637805,c3cc7eac-5257-4211-b53a-51cd1395d89f
S12000018,Inverclyde,227922,670894,-4.75387,55.9003,329,161948610.940994,79316.9463659007,c25e9d35-bdb4-41cb-b524-b3a6e0ffeafb
S12000019,Midlothian,330088,659217,-3.11738,55.82111,330,355272051.807449,126464.604454531,29ba3547-f3d9-4828-b57e-fce045a8c1f3
S12000020,Moray,328015,843590,-3.20202,57.4768,331,2237555713.50238,463319.000621918,12fcc944-3926-4382-9a90-4c7369be8590
S12000021,North Ayrshire,228996,651640,-4.7246,55.72789,332,885284482.723328,350191.827776382,cbf0e662-eb75-4ec6-a0fb-1f3ec8a7bd8c
S12000023,Orkney Islands,348293,1006584,-2.90025,58.94334,333,1015036066.02127,1203102.77977173,947ab190-9adc-4fcd-9e7a-48e881208b4b
S12000026,Scottish Borders,345889,626137,-2.85869,55.52595,334,4739166535.68079,514368.510110611,61cfb962-8961-4da0-9e74-77ea3472bce2
S12000027,Shetland Islands,434516,1180307,-1.37344,60.50495,335,1468514139.09113,2321846.76573869,682ada0c-0c60-4939-8b2a-40771fe0ce9b
S12000028,South Ayrshire,226545,596271,-4.72899,55.23008,336,1224367576.00628,334928.359876579,d4390335-63b3-41ca-8c9f-e89cf039159f
S12000029,South Lanarkshire,284634,636071,-3.83272,55.60453,337,1773890203.27654,284613.8566307,1b6b8d0d-b261-47ef-a475-f333bd722b28
S12000030,Stirling,255980,708769,-4.32595,56.24953,338,2252534182.27551,374959.25805914,e95d0955-8a51-4208-afcd-0348e91e5eba
S12000033,Aberdeen City,387763,808479,-2.20398,57.16697,339,185571286.389832,123488.10079458,6a4db2b9-8565-4569-aa0b-030e565dce18
S12000034,Aberdeenshire,352284,816277,-2.79208,57.23469,340,6318005998.97935,795098.949301964,c88997fc-dec3-42d9-94e9-e2bba9022c91
S12000035,Argyll and Bute,200740,715443,-5.22114,56.28944,341,7005856181.79671,3795934.4124369,64d3a959-db81-4985-9fd3-a9cd7ff2416e
S12000036,City of Edinburgh,320193,669417,-3.27826,55.9112,342,263395003.679382,110355.561123041,49d424fe-c1be-4eab-8abb-d10301d4fbd9
S12000038,Renfrewshire,239305,664698,-4.56834,55.84862,343,261490836.761856,131745.446686221,13ef1f72-97d4-4fc6-8ebd-24560bf6652a
S12000039,West Dunbartonshire,242904,681586,-4.52074,56.0014,344,177319583.18425,103710.998122334,1495bb1c-02ab-4bdb-af43-e92f1b0ce035
S12000040,West Lothian,299483,668514,-3.60909,55.8992,345,428769481.686554,134930.310291464,b041e834-7b04-4e78-838f-71bd94f1c581
S12000041,Angus,345506,759636,-2.8921,56.72518,346,2184982978.68718,328940.561902964,46eae929-6c8c-4ca7-af29-989b6c2edeaf
S12000042,Dundee City,340291,732145,-2.97095,56.4776,347,59800679.97612,47831.2069158876,a47dfa4c-f54c-4f5f-8a23-e21f07bf4340
S12000045,East Dunbartonshire,261240,676154,-4.22417,55.95829,348,174489033.610092,99592.6325879833,fdcfb5d5-cf72-4eb7-bb71-2cf46cb59b79
S12000047,Fife,339187,704721,-2.98251,56.23112,349,1325190262.60379,358324.912814313,e54e7023-c177-4837-8719-aa3e9b55e844
S12000048,Perth and Kinross,284302,744185,-3.88484,56.57528,350,5383770929.93335,633248.172986055,0d9c32d1-a33f-4081-8f27-d9e21a170d9c
S12000049,Glasgow City,261534,667033,-4.21479,55.87649,351,174622045.629852,135573.393985495,4d20761f-9997-446e-ae08-cfdb91f0e595
S12000050,North Lanarkshire,277984,665608,-3.9514,55.86814,352,472298223.955948,163983.319889321,be15e7bd-a0dc-468f-923f-f2bfc5224a9c
W06000001,Isle of Anglesey,245217,378331,-4.32298,53.27931,353,715212551.920387,378960.671414204,b13033c5-420b-4761-895a-48c7451034ef
W06000002,Gwynedd,280555,334966,-3.77715,52.89883,354,2548292895.11299,643030.305858802,1a1e579f-35a6-46aa-82d3-d4543770704b
W06000003,Conwy,283293,362563,-3.74646,53.14739,355,1130179030.87906,283263.119395945,d3ee5333-4688-4180-848c-518ed0fb2870
W06000004,Denbighshire,309843,355416,-3.34761,53.08833,356,838716213.358932,228749.239059247,e7258664-88c0-43cd-8e7f-11b5e3696d51
W06000005,Flintshire,321134,369280,-3.18248,53.21471,357,439830305.306419,239000.600465472,17b512ab-9332-4b9c-beef-29e1a1ac2661
W06000006,Wrexham,333523,345387,-2.99203,53.00167,358,503773535.230103,190023.448114477,3cae1ce1-f976-4aba-a5e5-61cabf2b8a9b
W06000008,Ceredigion,267127,268437,-3.94993,52.29795,359,1788379261.89556,382131.522913247,da448f45-9917-4e55-ba8c-563a6c8a400e
W06000009,Pembrokeshire,199821,221392,-4.90818,51.85513,360,1618344480.35981,743250.249529533,04121e13-b87b-4648-96e1-903689dfb174
W06000010,Carmarthenshire,247954,224133,-4.2111,51.89495,361,2371104044.59304,591757.196756814,22aa90e5-0de2-4414-9984-a5f624ab8475
W06000011,Swansea,264022,197308,-3.96723,51.65806,362,377614544.98658,270825.582117602,890a14e3-d58b-414e-837a-4fe16218d495
W06000012,Neath Port Talbot,279261,195412,-3.74638,51.6445,363,442272629.118,182182.731934738,e2f0b1de-0bc9-4508-a8d7-be92ec38bf2a
W06000013,Bridgend,288231,185870,-3.61375,51.5606,364,250785314.083366,93180.2520200993,436003c4-8220-4cc6-90a9-35523f0d8af1
W06000014,Vale of Glamorgan,302947,173080,-3.39801,51.44836,365,331261382.621326,108400.387481918,25f7260b-6805-4801-b1ea-d870f71f4932
W06000015,Cardiff,315272,178887,-3.22209,51.50254,366,142303613.187145,79616.4688690008,d9f16fb9-aaf9-4a00-b636-2c27d4b1af83
W06000016,Rhondda Cynon Taf,302237,192395,-3.41359,51.62185,367,424150476.006226,130225.273793906,8335127f-4ba6-48ed-bcee-30e8263960c2
W06000018,Caerphilly,317245,195259,-3.19753,51.65001,368,277387807.112293,116195.727849562,0a13d3e7-d1da-4566-9c0e-53c837f18249
W06000019,Blaenau Gwent,318236,206771,-3.18592,51.75364,369,108728046.067421,65601.5677696128,efe9bade-68c4-4b9a-b0f8-b963475b0055
W06000020,Torfaen,327459,200480,-3.05101,51.69836,370,126239929.82222,82540.0392973317,c9598c98-a144-4bd0-978f-531e20614fec
W06000021,Monmouthshire,337812,209231,-2.9028,51.77827,371,850327720.788227,224909.141029611,47c66f0f-5067-4999-8cd8-3f020466c6d5
W06000022,Newport,337897,187432,-2.89769,51.58231,372,190431147.336025,153213.179655943,75c4922e-9804-4fd6-9710-c73a04f366e8
W06000023,Powys,302329,273255,-3.43531,52.34864,373,5195311063.63076,610076.853820174,5f6fcb45-8827-416e-99f1-83537a3b5bbd
W06000024,Merthyr Tydfil,305916,206424,-3.36425,51.74858,374,111956970.938263,66689.0810594782,56c685ce-858d-4a94-9ca1-d5c18d9a19bf
