FID,CTYUA22CD,CTYUA22NM,CTYUA22NMW,BNG_E,BNG_N,LONG,LAT,Shape__Area,Shape__Length,GlobalID
1,E06000001,Hartlepool, ,447160,531474,-1.27018,54.67614,93717028.4689178,70995.1737762769,c6d63f75-e86d-42dd-933f-81fcba396819
2,E06000002,Middlesbrough, ,451141,516887,-1.21099,54.54467,53881558.2759247,44479.6463704945,84fc4817-9273-447e-8e15-54ec8c6b1f62
3,E06000003,Redcar and Cleveland, ,464361,519597,-1.00608,54.56752,245069510.006897,96703.5106544218,e666ccc0-5857-4a72-a593-b6fa4bacf82b
4,E06000004,Stockton-on-Tees, ,444940,518183,-1.30664,54.55691,204932934.937302,123404.959102325,a755ad64-72b4-4458-8b16-0989fccea42c
5,E06000005,Darlington, ,428029,515648,-1.56835,54.53534,197477753.555023,107202.299425244,a7f705de-2208-4bcb-957c-9982fbfbcce2
6,E06000006,Halton, ,354246,382146,-2.68853,53.33424,79084021.970459,77769.8366156168,243655ba-1daa-42cc-aaa3-4bc373ac2715
7,E06000007,Warrington, ,362744,388456,-2.56167,53.39163,180627983.012016,114688.093563908,c7d350c7-2110-4bd9-aedf-672e9fd090d8
8,E06000008,Blackburn with Darwen, ,369490,422806,-2.4636,53.7008,137022093.525848,65284.3735150369,d5536e0f-16a1-40db-b266-6f43997977e4
9,E06000009,Blackpool, ,332819,436635,-3.02199,53.82164,34870852.2283325,34480.7839275111,22eb8940-aa33-4de8-a1a6-cc55879e5b5e
10,E06000010,"Kingston upon Hull, City of", ,511894,431650,-0.30382,53.7692,71583595.6552734,64680.530906749,408a499b-417f-470b-b0ea-5cb088a18a34
11,E06000011,East Riding of Yorkshire, ,488056,443597,-0.66195,53.88112,2404768954.86182,504120.094305933,2e891a15-a9bb-4d0e-9006-5f3dad1efbd1
12,E06000012,North East Lincolnshire, ,523465,404564,-0.13911,53.52327,192622802.067429,93246.2944329948,8e5864d7-d28f-4854-80fd-5119abff26e5
13,E06000013,North Lincolnshire, ,497800,410993,-0.52407,53.58643,846540343.8815,244546.737679894,f6c171bd-7e55-4a35-9bf1-a2702e477aea
14,E06000014,York, ,460864,452589,-1.07375,53.96582,271931454.715424,102020.797435209,33fda612-67c1-4a52-b00f-81e79f90757b
15,E06000015,Derby, ,435609,335375,-1.47189,52.91464,78031107.3557892,50036.3185804889,e364e1bf-22fa-4214-a2f3-dec8b544c049
16,E06000016,Leicester, ,458946,304594,-1.1304,52.63592,73342034.1657257,51929.4942082033,22b215f2-0ff9-4f18-964e-faf8b643285b
17,E06000017,Rutland, ,492992,308655,-0.6263,52.66765,393749191.434662,125879.344271146,3fecdc86-9d63-48e3-8ca5-82bead68cfd5
18,E06000018,Nottingham, ,456082,339969,-1.16667,52.95419,74613549.3099365,58723.7427401093,af582136-2e17-4935-acf8-0d7eaaaf49fa
19,E06000019,"Herefordshire, County of", ,349434,242834,-2.73931,52.08154,2179708317.85796,349869.988254535,7c87cc1e-9408-442c-8f1a-67fa7e686079
20,E06000020,Telford and Wrekin, ,367035,313057,-2.48941,52.71417,290313536.554543,118775.749483715,9cb52f5c-7c31-4476-bc43-983ba003e799
21,E06000021,Stoke-on-Trent, ,389438,346652,-2.15888,53.01707,93448551.6496658,63971.3417170554,20c28e8c-c3f0-41b8-9f9f-35c2e8780230
22,E06000022,Bath and North East Somerset, ,366217,161999,-2.48654,51.35604,351123167.510914,141674.070852301,8402b457-18f0-4faa-86d1-5eefa18e0a44
23,E06000023,"Bristol, City of", ,359990,174846,-2.57742,51.47115,109666892.551918,109531.617064517,938ea858-08d1-4e39-a0b9-01266435fb85
24,E06000024,North Somerset, ,347614,166718,-2.75438,51.39706,374637219.77409,154748.225043695,c41991c8-4483-4848-94f1-9fd9b7b6a369
25,E06000025,South Gloucestershire, ,367559,183198,-2.46922,51.54673,497050998.431568,143098.847233425,2d497bf8-0910-417c-925b-d06441b1cd31
26,E06000026,Plymouth, ,249945,58255,-4.11297,50.40494,79849695.3191061,92644.2442555715,166a81e9-20ab-40a0-acff-3d8b9dc2e40d
27,E06000027,Torbay, ,289730,64613,-3.55523,50.47092,62886738.7989531,77909.5315513595,3de68b47-7681-42ac-93a5-887e90ea78eb
28,E06000030,Swindon, ,418551,186564,-1.73367,51.57763,230093343.90052,103011.758683882,84ef2dfc-3b51-4baf-8a04-83d764dbdce5
29,E06000031,Peterborough, ,517372,300777,-0.26874,52.59214,343378091.557068,112674.354887358,1c82975d-aee2-4ed7-a123-672604524621
30,E06000032,Luton, ,508606,222559,-0.42319,51.89102,43352485.6740799,34569.1847138739,1def2bfa-d85a-4b99-b20b-595e26e7abd4
31,E06000033,Southend-on-Sea, ,587777,186837,0.706923,51.54917,41673985.9965286,57782.8327652349,d555383e-bcd9-43eb-96ac-cca4a823ab04
32,E06000034,Thurrock, ,562123,181590,0.334861,51.50998,163837060.033562,115990.648083053,ac78b406-ca67-45c9-ba32-687cd2edb83f
33,E06000035,Medway, ,578207,175198,0.563174,51.44772,193714210.347961,249512.121639654,80c45495-d248-42bb-8ee2-9041665af363
34,E06000036,Bracknell Forest, ,488169,168792,-0.73363,51.4113,109384217.921951,62507.6688894678,9f1ce1ab-edda-4e23-92cc-8d50e91514ac
35,E06000037,West Berkshire, ,450575,172095,-1.27364,51.44559,704182731.436508,166818.256909513,210f427d-fdab-4b5e-b68a-eead5fa14662
36,E06000038,Reading, ,470226,173154,-0.99071,51.45302,40397937.1150055,39327.6361285706,02f646c8-4fba-4cc7-b56b-8d2102d629ee
37,E06000039,Slough, ,498920,179246,-0.57617,51.5035,32542015.6781998,44179.9803340002,2198a21b-67e2-4dba-b06e-f7ab2075d3e7
38,E06000040,Windsor and Maidenhead, ,492079,176541,-0.67541,51.48034,198427158.641678,114827.85425453,1b406345-4925-4867-9023-40a0195b0c82
39,E06000041,Wokingham, ,476624,169902,-0.89935,51.42296,178969062.886101,86869.6892364658,78d69645-7a37-462e-b6f8-f619f0283a5d
40,E06000042,Milton Keynes, ,486408,242308,-0.7407,52.07241,308626721.690674,102957.957280917,0b05ed3e-dd1b-4d0e-8163-be979f7354a2
41,E06000043,Brighton and Hove, ,530279,106850,-0.15079,50.8465,82832986.3240891,59517.9984461413,4a5afa20-0f1c-4f9e-b3e8-30a80b584605
42,E06000044,Portsmouth, ,465619,101352,-1.07006,50.808,40381702.3692169,62708.2022736547,06b3e61d-2585-492c-be3a-71660a821dc0
43,E06000045,Southampton, ,442303,113700,-1.39952,50.9212,49880631.5834122,61542.7955829543,fd81c59d-75ef-4f9a-b871-a48195252bf0
44,E06000046,Isle of Wight, ,447183,85949,-1.33366,50.67129,379620110.286783,210137.73230538,7515a149-7863-4dd5-9d77-c8411ba55aa4
45,E06000047,County Durham, ,410381,532242,-1.8405,54.68513,2231432414.12584,315226.483631744,9fc76232-7394-49d1-9123-07331f17df0b
46,E06000049,Cheshire East, ,380510,363462,-2.29299,53.16793,1166357340.22478,301202.123887001,d2d298eb-7777-4ba4-b1f1-d102e1c43dd8
47,E06000050,Cheshire West and Chester, ,353097,363145,-2.70298,53.16336,920018024.621178,335602.059504914,5c48992d-19d6-430c-a8db-a0a37e23f4e1
48,E06000051,Shropshire, ,350227,302960,-2.73667,52.62212,3197275322.15964,580599.506306279,2c540b00-f4e2-42be-a0b6-248d7664b2eb
49,E06000052,Cornwall, ,212497,64493,-4.64254,50.45022,3548939126.92263,1241696.51353641,a0df2d2d-84cc-40c5-9de6-ffaa5b65f5b6
50,E06000053,Isles of Scilly, ,91327,11447,-6.30217,49.92332,16317752.1032921,117979.163844593,7020ec19-5c98-49b0-9031-a648240e4434
51,E06000054,Wiltshire, ,405209,158863,-1.92661,51.32883,3255338105.52649,401997.073738198,8fc7f24d-254c-4709-a2bc-d596320903fa
52,E06000055,Bedford, ,505721,256463,-0.45463,52.19628,476408313.581512,131719.277394327,839692fd-6f86-49d3-b280-cdf73cf10950
53,E06000056,Central Bedfordshire, ,504615,234492,-0.47754,51.99903,715665436.200249,232685.180099795,d990d7de-fbb2-46fb-8331-559ca79f6423
54,E06000057,Northumberland, ,395322,600700,-2.07523,55.30038,5032312670.59779,606236.97163611,21f2f2ea-f485-4e83-9fdc-81946c7e7ec6
55,E06000058,"Bournemouth, Christchurch and Poole", ,410815,94066,-1.84807,50.74609,162070069.443581,169170.190930922,3b8e9e03-0f10-48c3-b7ba-6979575fd695
56,E06000059,Dorset, ,370871,99796,-2.41467,50.79697,2490956549.68954,594350.704732187,ad7effe2-921d-4a74-becb-ce3c5866c8d6
57,E06000060,Buckinghamshire, ,482506,208561,-0.80569,51.76966,1564937984.73737,361907.474854908,cf26c853-8f9b-497d-901c-c55d8651072d
58,E06000061,North Northamptonshire, ,493590,281718,-0.62504,52.42546,986594539.258675,210624.118632151,4dfae0d2-b772-4fd3-8bc9-75f09a1a5eab
59,E06000062,West Northamptonshire, ,467187,263879,-1.01682,52.26898,1380395590.74594,263780.515769498,771be2af-e8b7-45c8-a520-321ee2afdf43
60,E08000001,Bolton, ,368352,409873,-2.47952,53.58449,139792040.674789,82643.5197746864,aafe415d-2270-4c13-af95-ae56322fa783
61,E08000002,Bury, ,379658,410768,-2.3088,53.5931,99460098.088501,68535.7621537225,c6bcd0b1-4ce5-4059-9076-0af42477e0fa
62,E08000003,Manchester, ,384591,397063,-2.23359,53.47009,115648443.590103,86841.9510631882,deed1fcd-0759-4466-8172-261daf6c7f09
63,E08000004,Oldham, ,396603,406784,-2.05274,53.55768,142344867.617081,71145.2166053481,82c80244-96c5-4a53-9f6d-e35c43a2b558
64,E08000005,Rochdale, ,390315,412326,-2.14784,53.60741,158128218.886078,82706.3709034793,e0550f17-b299-4a16-b364-ded36dad1b43
65,E08000006,Salford, ,374556,398128,-2.38485,53.47927,97197259.633194,63262.7594028187,2b232898-9c42-4f56-ba33-f7752ab3a197
66,E08000007,Stockport, ,391806,388264,-2.12467,53.39116,126040348.490097,73631.0890907973,988debda-dd0e-454f-a4fd-c2e82a3fb364
67,E08000008,Tameside, ,394987,397995,-2.077,53.47867,103154247.722641,55973.0550571155,4d6f4954-6aa0-4571-9263-4da3cfb45a58
68,E08000009,Trafford, ,375790,391162,-2.36572,53.41671,106044604.785675,60714.9991313479,6928813a-4505-45d4-adc2-6b3161a781d9
69,E08000010,Wigan, ,362136,402125,-2.57247,53.51444,188171014.795837,88682.4116794718,5b8c7ece-a693-47e3-a5aa-bb2e95378abe
70,E08000011,Knowsley, ,344762,393778,-2.83297,53.43788,86500031.7274017,68163.8832839651,0d721d9e-bad3-42ba-9a8f-39799c653be5
71,E08000012,Liverpool, ,339361,390553,-2.91364,53.4083,111835593.626411,62696.5993588289,6f1e7a60-47b3-4dfe-bb28-f7c09948606f
72,E08000013,St. Helens, ,353412,395992,-2.7031,53.45862,136358780.853088,76379.812216368,fcce65c7-9acd-4f4c-a587-3a2c4b2d39d8
73,E08000014,Sefton, ,334282,398832,-2.99177,53.4821,156578258.79126,130341.257310849,080b2e13-67ef-4982-9a10-3e860265b1a9
74,E08000015,Wirral, ,329110,386965,-3.06701,53.37478,160922004.907288,133924.121231149,6edfb7be-f423-4ef3-a9a8-5ee4bbceb83f
75,E08000016,Barnsley, ,429979,403327,-1.54925,53.52577,329077576.743942,126418.480693044,589bfd0d-29c0-492a-8cf0-92a793383c58
76,E08000017,Doncaster, ,459167,403735,-1.10894,53.52697,568006431.217484,171113.010006791,b69db6fa-1057-45d9-9ed5-29bdd6081c8d
77,E08000018,Rotherham, ,447542,388980,-1.28651,53.39553,286534378.866501,106146.658844867,5e6afa3a-2da2-4041-b25c-e8d800d37315
78,E08000019,Sheffield, ,430511,389736,-1.54254,53.40358,367929997.213348,132824.242952116,54813234-2318-4c8a-9ae6-0fd21d64c9b5
79,E08000021,Newcastle upon Tyne, ,422287,569661,-1.65297,55.021,113451801.243317,65213.8280471217,5353179b-6880-498c-a2f9-fa3b8ce4c992
80,E08000022,North Tyneside, ,431471,570602,-1.50923,55.02896,82300621.1451874,65595.8023921869,305b7cbc-1209-47b2-a79e-2f7cd81641fc
81,E08000023,South Tyneside, ,435514,564057,-1.44679,54.96988,64420334.6034393,51335.0171606378,691f7b6e-ea5e-4355-8b76-52663e289560
82,E08000024,Sunderland, ,436470,551524,-1.43344,54.85719,137436290.144424,99821.9690448938,0e8f4480-9ae3-4dfa-b4a0-361f3be0c24b
83,E08000025,Birmingham, ,408150,287352,-1.88141,52.48404,267791151.73967,106250.794014248,9b2c2662-51b1-4791-9beb-6d1ef61f11c0
84,E08000026,Coventry, ,432807,279689,-1.51908,52.41423,98639088.6562881,54052.4494128151,a094836c-98e6-4c74-9c9d-47ae15cb679a
85,E08000027,Dudley, ,393191,288584,-2.10171,52.49513,97958229.5149384,75372.2907122196,8e8791ea-97ac-482c-b639-472dbe80c91d
86,E08000028,Sandwell, ,399573,290764,-2.00771,52.51477,85558906.1847763,59201.6852450065,82597e68-9671-4e22-be51-b6cfdfe08f8a
87,E08000029,Solihull, ,419434,281483,-1.71558,52.431,178282023.161247,101023.266819082,5f40ead1-436e-414a-92b6-6013f272cd82
88,E08000030,Walsall, ,402098,300804,-1.97044,52.60503,103973530.000946,59399.7390444176,37e6e99d-5b0f-4aff-b632-d531b1078c08
89,E08000031,Wolverhampton, ,391463,300016,-2.12746,52.59788,69436685.1266327,56050.1278266087,0f13f609-cd63-4dda-bf4a-3c799fd5cfaa
90,E08000032,Bradford, ,408395,438626,-1.87389,53.84382,366419689.51532,135914.965732405,652278ac-5138-4d40-a55f-dba153675e95
91,E08000033,Calderdale, ,402617,424896,-1.96182,53.72048,363960946.597305,107684.893783348,965f429a-8460-4cd5-8388-6d35db3aed90
92,E08000034,Kirklees, ,414586,416223,-1.78085,53.64233,408551667.407288,125665.908370181,72b81fe6-d328-4553-b1ee-08e10a362397
93,E08000035,Leeds, ,432528,436384,-1.50736,53.82273,551706498.093048,161516.600530211,eff824ad-f4ec-4e53-a879-b76a0e9a870d
94,E08000036,Wakefield, ,438366,418235,-1.42092,53.65922,338619719.483505,109444.438663069,cb239988-0e08-44a8-b24d-b20301108e51
95,E08000037,Gateshead, ,420158,559652,-1.68696,54.93115,142339149.241318,90175.8152669966,e322f1f5-cbd9-4cd8-abcc-05538a5dfc92
96,E09000001,City of London, ,532381,181359,-0.09353,51.51565,2890318.44403076,9377.81467502522,c9cb97d2-cf14-43c9-ad96-6e79bdad1e46
97,E09000002,Barking and Dagenham, ,547757,185111,0.129479,51.54555,36101437.8558884,40864.8498879451,d50f3cce-0bc5-40b8-bcd7-dc85f5d8939f
98,E09000003,Barnet, ,523472,191753,-0.21821,51.61108,86748227.8831329,50815.5975177389,3de3f037-847a-43e9-b86f-e820d2c8286b
99,E09000004,Bexley, ,549202,175434,0.146212,51.45822,60578408.1245193,47931.4230818983,0989e370-0f00-469d-a574-11fec434c26e
100,E09000005,Brent, ,519615,186468,-0.27568,51.56441,43232684.1274872,38331.001751277,f93f53cd-029a-48b8-a0a2-cec249205e98
101,E09000006,Bromley, ,542036,165708,0.039246,51.37267,150130427.159538,76141.6277070387,b06d7106-55cc-431e-b94e-6cfc5c04a833
102,E09000007,Camden, ,527492,184284,-0.16289,51.54306,21789308.595253,26149.495598481,266c5702-e962-423b-a52b-2b79949b6c11
103,E09000008,Croydon, ,533922,164745,-0.07761,51.36598,86496808.3293228,58688.2842361555,17ebd696-5975-4594-ab29-fd50d2909617
104,E09000009,Ealing, ,517057,181960,-0.31407,51.52443,55544376.032196,47432.5829098616,95dd519b-ff4f-429e-af1a-40be286f16ba
105,E09000010,Enfield, ,532829,196197,-0.08147,51.64888,82200174.297287,41061.1111768429,181bd6ce-e396-406b-93d7-e53afb0f81b4
106,E09000011,Greenwich, ,542507,175879,0.050093,51.46394,47307031.4329834,47566.9752848355,a37dc5af-118e-44aa-9cd3-bbecb386cecd
107,E09000012,Hackney, ,534560,185787,-0.06045,51.55492,19046912.9773788,25374.028868182,c43c836f-4744-4777-afb7-357ee4996590
108,E09000013,Hammersmith and Fulham, ,523867,177993,-0.21735,51.48733,16403545.8968506,23966.1399241039,46e42790-3465-4088-b23e-511a5000ec15
109,E09000014,Haringey, ,531262,189349,-0.10667,51.58771,29598417.6468964,29011.100205627,cb9cbc61-3ef6-4097-8f6a-86d5bc9d12e9
110,E09000015,Harrow, ,515356,189736,-0.33603,51.59467,50463307.3829956,33734.608106147,bcbf2b84-8bed-4e2f-9aab-b2e0f40b56bd
111,E09000016,Havering, ,555032,187514,0.235368,51.56519,112341328.142738,63706.9860246864,aa20c0f9-66fe-4fdb-8712-842218a106b6
112,E09000017,Hillingdon, ,508166,183120,-0.44182,51.53663,115700600.050133,63883.1561402854,1d97a859-4c6e-46d4-b1ba-57433854b4b9
113,E09000018,Hounslow, ,512742,174965,-0.37847,51.46243,55970470.8641586,64471.2436618718,842d4c22-e731-4720-9626-7c64b1709970
114,E09000019,Islington, ,531158,184647,-0.10992,51.54548,14856680.6578674,20720.1949694478,1cdc61e8-8794-4c63-a978-83f852af771a
115,E09000020,Kensington and Chelsea, ,525757,179053,-0.18976,51.49644,12125528.5328598,20963.4584035467,e63c5cab-56d3-4a77-bda7-f2668d1feffb
116,E09000021,Kingston upon Thames, ,519508,167389,-0.28367,51.39296,37265392.9152222,37527.9493942753,576f8344-5e5a-4e57-8991-f646aa7c6c95
117,E09000022,Lambeth, ,531117,175629,-0.11386,51.46445,26807914.5192261,33999.8604751881,9956e038-527b-40b6-a2fe-a600653c4c5d
118,E09000023,Lewisham, ,537889,173344,-0.01733,51.44231,35148365.9241028,41158.0294216116,e63c2621-d04a-4fb1-a1b9-6507b14e7ef3
119,E09000024,Merton, ,526069,169507,-0.18867,51.41057,37624746.5277786,32340.3771201137,d00531b6-9dde-479b-ae32-064a089035ed
120,E09000025,Newham, ,540714,183344,0.027275,51.53147,36198118.0374069,35772.3133095239,f8ff494b-d855-4d4d-a832-12077c408ab0
121,E09000026,Redbridge, ,543512,189477,0.070085,51.58588,56403472.4249954,50426.1191048432,8f170079-e3ca-4e2d-b930-e8513be5c8e1
122,E09000027,Richmond upon Thames, ,519005,172650,-0.28914,51.44035,57393447.9808273,68787.7012682714,4dc6f591-a601-4362-98c5-06d4cdc2eb9a
123,E09000028,Southwark, ,533945,175863,-0.07309,51.46589,28876525.9301224,34570.9765509178,3d280f74-6781-43d6-8c73-3c5ce3f47827
124,E09000029,Sutton, ,527356,163640,-0.17227,51.35756,43842789.962265,39804.2153145852,abe81805-5a37-479c-bb22-1f3e9a75a762
125,E09000030,Tower Hamlets, ,536340,181452,-0.03647,51.51554,19770856.8000107,28746.8910481568,1a009a10-5aef-422d-ba12-58dbb4059b3b
126,E09000031,Waltham Forest, ,537327,190277,-0.01881,51.59461,38807995.9513626,33326.6907765963,ac79edd5-fec4-4aff-9c57-bb1f856c05e5
127,E09000032,Wandsworth, ,525151,174138,-0.20023,51.4524,34257039.1979294,38789.7703657056,8cbbd303-0a53-409f-b6a5-429561091396
128,E09000033,Westminster, ,528268,180870,-0.15295,51.5122,21477144.2528915,27425.6050038667,afd10d35-fd5a-499e-af42-8eee80f969cf
129,E10000003,Cambridgeshire, ,520312,273864,-0.23506,52.34966,3052514739.6787,507383.439489209,81702aa1-54c7-4bb7-8c46-76bb73f16320
130,E10000006,Cumbria, ,341868,527180,-2.90213,54.63638,6823542091.26414,1026730.94721679,73846faa-a43b-4d15-a46b-68f6a44bfe6b
131,E10000007,Derbyshire, ,426752,353556,-1.6021,53.07858,2550760385.23058,469060.925987155,8e768e57-ad64-4723-9da7-29710eb48a62
132,E10000008,Devon, ,283143,93085,-3.65698,50.72558,6566741544.27454,1115723.66214317,2e76691c-5afa-42a7-a967-43411f436412
133,E10000011,East Sussex, ,564123,117996,0.334559,50.93805,1712766672.70592,353056.784953283,44104e4d-538a-46d9-8afa-56ab40c10747
134,E10000012,Essex, ,575270,215407,0.54106,51.80982,3465997093.94416,1736661.35802543,016c9e39-7c5e-4b37-9907-49b3c3dc9943
135,E10000013,Gloucestershire, ,389595,213465,-2.15235,51.81971,2652532035.65146,535334.536253096,8c1b54dc-60f2-48da-a8b4-f9694feb2393
136,E10000014,Hampshire, ,452859,127536,-1.24735,51.04474,3678356474.70573,787483.510516075,c33921ef-a7e1-46f5-a1b2-3525a3e860c1
137,E10000015,Hertfordshire, ,518883,213642,-0.27699,51.80879,1643064715.3297,302875.176940067,2fec0f85-a769-4733-a6a7-927d7ec153f4
138,E10000016,Kent, ,590249,147268,0.72137,51.19295,3545511129.08622,781651.509457946,6fd558a7-28f2-442d-af20-f987b0a94329
139,E10000017,Lancashire, ,369784,440758,-2.46091,53.86216,2895188209.81812,1002693.97868517,97c1a480-adba-40ee-b7b2-ab6f448d588f
140,E10000018,Leicestershire, ,442147,310191,-1.3779,52.68779,2083789690.347,378735.414351554,a2f9705d-6443-4bf3-8088-bfba2f9c1cef
141,E10000019,Lincolnshire, ,517984,358539,-0.23884,53.11102,5937347802.32115,1307136.40700425,6fd13993-f8e4-4258-bcf1-9e3bb18916dd
142,E10000020,Norfolk, ,600549,312292,0.964714,52.67123,5385165738.22371,1501228.06161493,52028989-0caa-4946-9cc9-bc6a13941f8d
143,E10000023,North Yorkshire, ,429509,466515,-1.55032,54.09371,8039971922.68248,872445.76137345,d675cef0-9ad5-41ff-a7a1-99b22ada3737
144,E10000024,Nottinghamshire, ,466570,359496,-1.00656,53.1285,2084702036.22011,386410.795899893,c80e3c21-c669-406c-a3cf-3c3d1eb9e456
145,E10000025,Oxfordshire, ,448985,208334,-1.29146,51.77155,2605942155.16963,413314.905198424,ef236e45-9e94-47b6-8138-02d3170e0b9a
146,E10000027,Somerset, ,309295,131077,-3.29602,51.07182,3451778605.14865,544139.179603315,b16da9d7-fa00-43a8-8c89-87d6be7de08a
147,E10000028,Staffordshire, ,398243,334651,-2.02756,52.9093,2623316394.12188,502001.104741367,ade7575b-ac5e-44ca-bc79-0917d3346df2
148,E10000029,Suffolk, ,608219,266120,1.04919,52.25385,3801362292.8405,866904.16942098,016148e2-2f18-45cb-a616-f67b6310b0e6
149,E10000030,Surrey, ,515966,153408,-0.33911,51.26803,1670072903.80375,273569.265626963,3909526f-5ecc-4be6-9f60-84d12e37db1b
150,E10000031,Warwickshire, ,429584,253588,-1.56874,52.17977,1977520461.11156,397500.526731724,cb87b927-0c88-4495-93e8-dd459e93c710
151,E10000032,West Sussex, ,508316,118010,-0.45933,50.95134,1991051404.20505,547188.222283458,e1e8fdcc-e8a7-4882-8a94-d8d0f1065930
152,E10000034,Worcestershire, ,385792,257203,-2.20935,52.21287,1740514150.1223,372974.669745403,d1052318-c08d-46ee-9fcc-ccff4a965b20
153,N09000001,Antrim and Newtownabbey, ,130813,541285,-6.1776,54.69386,728186534.01133,165066.961090158,2f067243-b2d9-4bbd-be44-2a8636868d0d
154,N09000002,"Armagh City, Banbridge and Craigavon", ,112110,508158,-6.43455,54.3867,1437068573.07787,242954.335395177,27afdf48-1524-47b5-981d-f38207fd2937
155,N09000003,Belfast, ,146465,529747,-5.92535,54.59853,137716652.025108,65866.7852260913,098b97eb-a469-49ab-a379-a7cca6c27576
156,N09000004,Causeway Coast and Glens, ,106168,581420,-6.5996,55.03962,1985534670.71793,381026.18387915,1d4fff28-14c7-42ff-882f-60cd47a9368b
157,N09000005,Derry City and Strabane, ,51779,559566,-7.42064,54.80904,1251241580.2269,271397.40327128,6024aebf-3261-4629-8574-1a461a987815
158,N09000006,Fermanagh and Omagh, ,41233,513013,-7.5271,54.38521,3012114892.36445,426437.771573504,06be7ee6-8791-4c41-ae0e-dc71c2a65675
159,N09000007,Lisburn and Castlereagh, ,138712,518920,-6.03545,54.49752,510438048.321739,167278.148593367,2517dbe0-a2d0-4028-b98a-30a78f63f2e5
160,N09000008,Mid and East Antrim, ,133943,560151,-6.14645,54.86462,1061355460.9354,234604.730290033,d968e1d2-4de5-4b65-83ef-b66851b2a521
161,N09000009,Mid Ulster, ,83920,528564,-6.8889,54.55273,1957293776.36245,318306.174447411,e6e06789-d1a3-4b37-bc55-8dff3f50384c
162,N09000010,"Newry, Mourne and Down", ,133006,480432,-6.08891,54.14953,1682340596.67157,379481.25491599,40b1154a-56af-427a-ae3c-9a64187b8120
163,N09000011,Ards and North Down, ,164321,524944,-5.64568,54.56409,566472991.274521,203349.301102071,0074dc30-7cd1-4f3a-8e31-ed724f59a16f
164,S12000005,Clackmannanshire, ,291178,696402,-3.75316,56.14784,159184968.76619,96933.0750418422,2481d589-3fc6-4b05-9f5a-13e1cdc621cf
165,S12000006,Dumfries and Galloway, ,270645,579856,-4.02863,55.09621,6436567213.92647,1207329.63196206,da328800-96a2-4f6e-83c8-35d86c46216e
166,S12000008,East Ayrshire, ,255398,624935,-4.29057,55.49674,1270345623.57393,341126.501410668,552f68d0-c104-4c96-931d-c332cbefc2e9
167,S12000010,East Lothian, ,354854,672351,-2.72435,55.94207,679240459.691589,202120.828124236,f28c5dee-e698-467f-9141-897ffd79e77d
168,S12000011,East Renfrewshire, ,251930,653115,-4.36058,55.74868,174247286.301239,93982.4588278508,6488f7bd-4c84-4724-87ce-d74d492e1acb
169,S12000013,Na h-Eileanan Siar, ,126473,932862,-6.65722,58.19938,3096614423.02372,3871025.95969535,064b0dad-c773-4025-a7c0-5741205b225a
170,S12000014,Falkirk, ,285585,680170,-3.83619,56.00077,297137422.788071,169016.307883955,e1d4e849-6d9f-4010-8a9a-01f96c7ee10c
171,S12000017,Highland, ,241018,858292,-4.66103,57.58657,26158740580.2084,5228318.65637805,e39fedda-0975-42b0-b360-3b1dc4418787
172,S12000018,Inverclyde, ,227922,670894,-4.75387,55.9003,161948610.940994,79316.9463659007,d8bc5bbc-3d63-4d5d-b386-8befc7c1021a
173,S12000019,Midlothian, ,330088,659217,-3.11738,55.82111,355272051.807449,126464.604454531,06e54db9-c788-4285-982e-74ba69345288
174,S12000020,Moray, ,328015,843590,-3.20202,57.4768,2237555713.50238,463319.000621918,e380b753-8950-4314-b945-8081687cd0df
175,S12000021,North Ayrshire, ,228996,651640,-4.7246,55.72789,885284482.723328,350191.827776382,16671952-6de4-4418-8338-b25477ca7ba0
176,S12000023,Orkney Islands, ,348293,1006584,-2.90025,58.94334,1015036066.02127,1203102.77977173,4c1b1f67-2c8c-4d9c-a596-c395c4aafb7d
177,S12000026,Scottish Borders, ,345889,626137,-2.85869,55.52595,4739166535.68079,514368.510110611,e382dc3e-ee15-40ae-a837-2aa9d451b82b
178,S12000027,Shetland Islands, ,434516,1180307,-1.37344,60.50495,1468514139.09113,2321846.76573869,128ebba9-16b8-4fe6-9c04-a6d8db37c694
179,S12000028,South Ayrshire, ,226545,596271,-4.72899,55.23008,1224367576.00628,334928.359876579,12ca35e3-21fc-4ac0-90dd-c2ba7ca8513a
180,S12000029,South Lanarkshire, ,284634,636071,-3.83272,55.60453,1773890203.27654,284613.8566307,aad56314-8c65-4f84-ab69-4b583c88bfc8
181,S12000030,Stirling, ,255980,708769,-4.32595,56.24953,2252534182.27551,374959.25805914,27f4fd62-ba23-40cf-a043-cd12cd95399c
182,S12000033,Aberdeen City, ,387763,808479,-2.20398,57.16697,185571286.389832,123488.10079458,4669c600-ccdd-4513-b45e-7368e26844a3
183,S12000034,Aberdeenshire, ,352284,816277,-2.79208,57.23469,6318005998.97935,795098.949301964,44de4b94-5864-448b-ae3d-d130c08a1d7d
184,S12000035,Argyll and Bute, ,200740,715443,-5.22114,56.28944,7005856181.79671,3795934.4124369,3a71d52d-799d-4cbb-a0a1-7d8ae35996dd
185,S12000036,City of Edinburgh, ,320193,669417,-3.27826,55.9112,263395003.679382,110355.561123041,fe613437-3d75-45f9-9426-e62cd0a8752b
186,S12000038,Renfrewshire, ,239305,664698,-4.56834,55.84862,261490836.761856,131745.446686221,7f6023b8-f09a-4c69-8c6d-e13e8a0e8625
187,S12000039,West Dunbartonshire, ,242904,681586,-4.52074,56.0014,177319583.18425,103710.998122334,224df4e8-f2da-49d2-bcce-0ee4c326bf14
188,S12000040,West Lothian, ,299483,668514,-3.60909,55.8992,428769481.686554,134930.310291464,e17fe8f5-6bf6-4cb3-ab76-9ad3b5c2d413
189,S12000041,Angus, ,345506,759636,-2.8921,56.72518,2184982978.68718,328940.561902964,61b44ef1-4b7f-4d2b-8724-d624a364d549
190,S12000042,Dundee City, ,340291,732145,-2.97095,56.4776,59800679.97612,47831.2069158876,9879fb85-a97b-44fb-b811-649883c0ccfa
191,S12000045,East Dunbartonshire, ,261240,676154,-4.22417,55.95829,174489033.610092,99592.6325879833,eca20aa4-dee0-4cfb-aa47-f98d01c1e864
192,S12000047,Fife, ,339187,704721,-2.98251,56.23112,1325190262.60379,358324.912814313,7cf3b1d6-1499-45e6-b88a-218b342cb9ca
193,S12000048,Perth and Kinross, ,284302,744185,-3.88484,56.57528,5383770929.93335,633248.172986055,1a616e37-55ad-453e-b045-4bcdbdaac7e1
194,S12000049,Glasgow City, ,261534,667033,-4.21479,55.87649,174622045.629852,135573.393985495,bca57375-83ff-45ef-ade0-ba1e4d2d0d21
195,S12000050,North Lanarkshire, ,277984,665608,-3.9514,55.86814,472298223.955948,163983.319889321,da63d9ab-1530-4c92-aedc-c8a3d4d98191
196,W06000001,Isle of Anglesey,Ynys Môn,245217,378331,-4.32298,53.27931,715212551.920387,378960.671414204,575f6889-f678-48d2-9b84-d5b8e56f3457
197,W06000002,Gwynedd,Gwynedd,280555,334966,-3.77715,52.89883,2548292895.11299,643030.305858802,5ae1f28e-21e8-4177-868e-0db79020ee5f
198,W06000003,Conwy,Conwy,283293,362563,-3.74646,53.14739,1130179030.87906,283263.119395945,a7530b46-50a9-4887-8de5-fcfebf7557bf
199,W06000004,Denbighshire,Sir Ddinbych,309843,355416,-3.34761,53.08833,838716213.358932,228749.239059247,1b24530a-9ac9-4d55-af2d-49952b34a658
200,W06000005,Flintshire,Sir y Fflint,321134,369280,-3.18248,53.21471,439830305.306419,239000.600465472,6a965adf-8ed1-4a96-8b26-65da53478783
201,W06000006,Wrexham,Wrecsam,333523,345387,-2.99203,53.00167,503773535.230103,190023.448114477,9a8ff7e6-cd7b-46c5-84cd-52ac5d563043
202,W06000008,Ceredigion,Ceredigion,267127,268437,-3.94993,52.29795,1788379261.89556,382131.522913247,fb96a020-afc5-4af4-935f-dd9e9c089a78
203,W06000009,Pembrokeshire,Sir Benfro,199821,221392,-4.90818,51.85513,1618344480.35981,743250.249529533,292689f8-de6c-4643-8480-3f2a66121aac
204,W06000010,Carmarthenshire,Sir Gaerfyrddin,247954,224133,-4.2111,51.89495,2371104044.59304,591757.196756814,d26df611-ad5a-43ad-ba61-3e175da4706f
205,W06000011,Swansea,Abertawe,264022,197308,-3.96723,51.65806,377614544.98658,270825.582117602,0901fbf6-d58e-4ca2-ae13-53518a8c03ea
206,W06000012,Neath Port Talbot,Castell-nedd Port Talbot,279261,195412,-3.74638,51.6445,442272629.118,182182.731934738,e3e4d457-1422-4746-aa71-bafae96a06b2
207,W06000013,Bridgend,Pen-y-bont ar Ogwr,288231,185870,-3.61375,51.5606,250785314.083366,93180.2520200993,b076163a-6cf9-4c48-be0e-6235f5215678
208,W06000014,Vale of Glamorgan,Bro Morgannwg,302947,173080,-3.39801,51.44836,331261382.621326,108400.387481918,9559d48d-0867-499f-9c41-c54c0faae552
209,W06000015,Cardiff,Caerdydd,315272,178887,-3.22209,51.50254,142303613.187145,79616.4688690008,64432318-03c1-4027-8041-2042718dc849
210,W06000016,Rhondda Cynon Taf,Rhondda Cynon Taf,302237,192395,-3.41359,51.62185,424150476.006226,130225.273793906,f534cf07-9ad1-4515-bdf7-f5daa903c94d
211,W06000018,Caerphilly,Caerffili,317245,195259,-3.19753,51.65001,277387807.112293,116195.727849562,b13618ba-f03e-4064-84d3-3ae87dda8894
212,W06000019,Blaenau Gwent,Blaenau Gwent,318236,206771,-3.18592,51.75364,108728046.067421,65601.5677696128,1b6b713e-e034-4551-8d32-78c5c0ea28dd
213,W06000020,Torfaen,Torfaen,327459,200480,-3.05101,51.69836,126239929.82222,82540.0392973317,a58a4aba-8351-4cf8-a664-77791307eefa
214,W06000021,Monmouthshire,Sir Fynwy,337812,209231,-2.9028,51.77827,850327720.788227,224909.141029611,b3e96943-117d-4a5c-a3db-29d046235115
215,W06000022,Newport,Casnewydd,337897,187432,-2.89769,51.58231,190431147.336025,153213.179655943,3274b61c-3fc4-41d9-bec1-8a2ba54357ec
216,W06000023,Powys,Powys,302329,273255,-3.43531,52.34864,5195311063.63076,610076.853820174,f50f60b8-1d65-4dbb-9643-b2b21e920b5e
217,W06000024,Merthyr Tydfil,Merthyr Tudful,305916,206424,-3.36425,51.74858,111956970.938263,66689.0810594782,9d1d40b3-08ff-4309-8e7b-585747487c64
